t,lot,price,diff,time
2016-10-05T00:00:00.000000000,Broad Street,10.610177133655394,1,1752076317892
2016-10-05T00:00:00.000000000,BHMNCPHST01,10.568050925925927,1,1752076317892
2016-10-05T00:00:00.000000000,BHMEURBRD01,10.594444444444445,1,1752076317892
2016-10-05T00:00:00.000000000,BHMNCPNST01,10.624249713631158,1,1752076317892
2016-10-05T00:00:00.000000000,Others-CCCPS202,10.608685733741915,1,1752076317892
2016-10-05T00:00:00.000000000,Others-CCCPS105a,10.607990708478514,1,1752076317892
2016-10-05T00:00:00.000000000,BHMMBMMBX01,10.622459970887919,1,1752076317892
2016-10-05T00:00:00.000000000,Others-CCCPS8,10.606005210959825,1,1752076317892
2016-10-05T00:00:00.000000000,Others-CCCPS98,10.59608085365417,1,1752076317892
2016-10-05T00:00:00.000000000,BHMBCCMKT01,10.537663200462159,1,1752076317892
2016-10-05T00:00:00.000000000,Others-CCCPS135a,10.66501130283,1,1752076317892
2016-10-05T00:00:00.000000000,Others-CCCPS119a,10.554600428112737,1,1752076317892
2016-10-05T00:00:00.000000000,BHMBCCTHL01,10.586702555268445,1,1752076317892
2016-10-05T00:00:00.000000000,Shopping,10.620008680555555,1,1752076317892
2016-10-06T00:00:00.000000000,BHMEURBRD01,10.615354609929078,1,1752076320664
2016-10-06T00:00:00.000000000,Shopping,10.633469328703704,1,1752076320664
2016-10-06T00:00:00.000000000,BHMNCPHST01,10.623004629629628,1,1752076320664
2016-10-06T00:00:00.000000000,Broad Street,10.619951690821257,1,1752076320664
2016-10-06T00:00:00.000000000,Others-CCCPS8,10.617367624810893,1,1752076320664
2016-10-06T00:00:00.000000000,BHMNCPNST01,10.633127147766324,1,1752076320664
2016-10-06T00:00:00.000000000,Others-CCCPS105a,10.637178806481941,1,1752076320664
2016-10-06T00:00:00.000000000,Others-CCCPS202,10.648973820603034,1,1752076320664
2016-10-06T00:00:00.000000000,Others-CCCPS119a,10.575800134776232,1,1752076320664
2016-10-06T00:00:00.000000000,Others-CCCPS98,10.615245461381459,1,1752076320664
2016-10-06T00:00:00.000000000,BHMMBMMBX01,10.602809315866084,1,1752076320664
2016-10-06T00:00:00.000000000,BHMBCCTHL01,10.613693654895204,1,1752076320664
2016-10-06T00:00:00.000000000,BHMBCCMKT01,10.540645099171961,1,1752076320664
2016-10-06T00:00:00.000000000,Others-CCCPS135a,10.664482931295963,1,1752076320664
2016-10-07T00:00:00.000000000,Others-CCCPS98,10.557914562967738,1,1752076323542
2016-10-07T00:00:00.000000000,BHMMBMMBX01,10.677507682354843,1,1752076323542
2016-10-07T00:00:00.000000000,Others-CCCPS8,10.59707429820138,1,1752076323542
2016-10-07T00:00:00.000000000,BHMNCPHST01,10.594083333333334,1,1752076323542
2016-10-07T00:00:00.000000000,BHMEURBRD01,10.616713947990544,1,1752076323542
2016-10-07T00:00:00.000000000,Others-CCCPS135a,10.633357798952702,1,1752076323542
2016-10-07T00:00:00.000000000,Others-CCCPS202,10.60555744713048,1,1752076323542
2016-10-07T00:00:00.000000000,Broad Street,10.633035426731078,1,1752076323542
2016-10-07T00:00:00.000000000,Others-CCCPS105a,10.633388086942094,1,1752076323542
2016-10-07T00:00:00.000000000,BHMBCCTHL01,10.602140396210164,1,1752076323542
2016-10-07T00:00:00.000000000,BHMNCPNST01,10.58482817869416,1,1752076323542
2016-10-07T00:00:00.000000000,BHMBCCMKT01,10.505537261698441,1,1752076323542
2016-10-07T00:00:00.000000000,Shopping,10.637326388888887,1,1752076323542
2016-10-07T00:00:00.000000000,Others-CCCPS119a,10.540852856066913,1,1752076323542
2016-10-08T00:00:00.000000000,BHMBCCTHL01,10.559062589721504,1,1752076326312
2016-10-08T00:00:00.000000000,Others-CCCPS202,10.56292532062195,1,1752076326312
2016-10-08T00:00:00.000000000,Shopping,10.636140046296296,1,1752076326312
2016-10-08T00:00:00.000000000,BHMNCPHST01,10.564370370370371,1,1752076326312
2016-10-08T00:00:00.000000000,Others-CCCPS8,10.601383425785846,1,1752076326312
2016-10-08T00:00:00.000000000,BHMMBMMBX01,10.623178877567522,1,1752076326312
2016-10-08T00:00:00.000000000,Others-CCCPS105a,10.637138156075439,1,1752076326312
2016-10-08T00:00:00.000000000,BHMBCCMKT01,10.521365299441555,1,1752076326312
2016-10-08T00:00:00.000000000,BHMEURBRD01,10.569621749408984,1,1752076326312
2016-10-08T00:00:00.000000000,Others-CCCPS119a,10.566599080350418,1,1752076326312
2016-10-08T00:00:00.000000000,Broad Street,10.590161030595812,1,1752076326312
2016-10-08T00:00:00.000000000,Others-CCCPS98,10.567193038994523,1,1752076326312
2016-10-08T00:00:00.000000000,Others-CCCPS135a,10.621243454373765,1,1752076326312
2016-10-08T00:00:00.000000000,BHMNCPNST01,10.601609392898052,1,1752076326312
2016-10-09T00:00:00.000000000,BHMNCPHST01,10.54952777777778,1,1752076329072
2016-10-09T00:00:00.000000000,Others-CCCPS135a,10.60239176467222,1,1752076329072
2016-10-09T00:00:00.000000000,Others-CCCPS8,10.610614388972937,1,1752076329072
2016-10-09T00:00:00.000000000,Others-CCCPS119a,10.538673246917984,1,1752076329072
2016-10-09T00:00:00.000000000,Shopping,10.548683449074074,1,1752076329072
2016-10-09T00:00:00.000000000,BHMEURBRD01,10.51852245862884,1,1752076329072
2016-10-09T00:00:00.000000000,Others-CCCPS98,10.59491835857772,1,1752076329072
2016-10-09T00:00:00.000000000,Others-CCCPS105a,10.612578120679165,1,1752076329072
2016-10-09T00:00:00.000000000,BHMBCCMKT01,10.590631619487771,1,1752076329072
2016-10-09T00:00:00.000000000,BHMBCCTHL01,10.568097904105656,1,1752076329072
2016-10-09T00:00:00.000000000,BHMNCPNST01,10.548676975945018,1,1752076329072
2016-10-09T00:00:00.000000000,Broad Street,10.516360708534622,1,1752076329072
2016-10-09T00:00:00.000000000,Others-CCCPS202,10.539076343963984,1,1752076329072
2016-10-09T00:00:00.000000000,BHMMBMMBX01,10.584657124373283,1,1752076329072
2016-10-10T00:00:00.000000000,Others-CCCPS105a,10.673777169404348,1,1752076331702
2016-10-10T00:00:00.000000000,BHMMBMMBX01,10.625160925117257,1,1752076331702
2016-10-10T00:00:00.000000000,Others-CCCPS98,10.65914348121889,1,1752076331702
2016-10-10T00:00:00.000000000,BHMNCPHST01,10.564893518518518,1,1752076331702
2016-10-10T00:00:00.000000000,Others-CCCPS135a,10.638917217500786,1,1752076331702
2016-10-10T00:00:00.000000000,BHMBCCTHL01,10.654138673557279,1,1752076331702
2016-10-10T00:00:00.000000000,BHMNCPNST01,10.579163802978236,1,1752076331702
2016-10-10T00:00:00.000000000,Shopping,10.618449074074075,1,1752076331702
2016-10-10T00:00:00.000000000,Others-CCCPS8,10.654947890401749,1,1752076331702
2016-10-10T00:00:00.000000000,BHMEURBRD01,10.568794326241136,1,1752076331702
2016-10-10T00:00:00.000000000,Others-CCCPS119a,10.58388234827764,1,1752076331702
2016-10-10T00:00:00.000000000,Broad Street,10.565692431561997,1,1752076331702
2016-10-10T00:00:00.000000000,BHMBCCMKT01,10.573792605430388,1,1752076331702
2016-10-10T00:00:00.000000000,Others-CCCPS202,10.64401032799909,1,1752076331702
2016-10-11T00:00:00.000000000,BHMNCPNST01,10.579788087056128,1,1752076334332
2016-10-11T00:00:00.000000000,BHMBCCMKT01,10.506654149817061,1,1752076334332
2016-10-11T00:00:00.000000000,BHMNCPHST01,10.573814814814815,1,1752076334332
2016-10-11T00:00:00.000000000,BHMBCCTHL01,10.553077806488659,1,1752076334332
2016-10-11T00:00:00.000000000,Others-CCCPS8,10.583592200369809,1,1752076334332
2016-10-11T00:00:00.000000000,Others-CCCPS202,10.578677410812244,1,1752076334332
2016-10-11T00:00:00.000000000,Broad Street,10.6306038647343,1,1752076334332
2016-10-11T00:00:00.000000000,Others-CCCPS135a,10.667450138781584,1,1752076334332
2016-10-11T00:00:00.000000000,Others-CCCPS119a,10.55551036587783,1,1752076334332
2016-10-11T00:00:00.000000000,BHMMBMMBX01,10.592863496684457,1,1752076334332
2016-10-11T00:00:00.000000000,BHMEURBRD01,10.58050827423168,1,1752076334332
2016-10-11T00:00:00.000000000,Others-CCCPS105a,10.59208201979979,1,1752076334332
2016-10-11T00:00:00.000000000,Others-CCCPS98,10.576017116052565,1,1752076334332
2016-10-11T00:00:00.000000000,Shopping,10.606915509259258,1,1752076334332
2016-10-12T00:00:00.000000000,BHMNCPHST01,10.57212037037037,1,1752076336962
2016-10-12T00:00:00.000000000,BHMBCCMKT01,10.48610148276526,1,1752076336962
2016-10-12T00:00:00.000000000,Others-CCCPS202,10.63104528430371,1,1752076336962
2016-10-12T00:00:00.000000000,Others-CCCPS8,10.581791057320558,1,1752076336962
2016-10-12T00:00:00.000000000,Shopping,10.630538194444446,1,1752076336962
2016-10-12T00:00:00.000000000,Others-CCCPS98,10.57696100547857,1,1752076336962
2016-10-12T00:00:00.000000000,BHMBCCTHL01,10.552807924203274,1,1752076336962
2016-10-12T00:00:00.000000000,Others-CCCPS105a,10.616772302416901,1,1752076336962
2016-10-12T00:00:00.000000000,BHMMBMMBX01,10.593327672650815,1,1752076336962
2016-10-12T00:00:00.000000000,Broad Street,10.637528180354268,1,1752076336962
2016-10-12T00:00:00.000000000,BHMNCPNST01,10.608104238258878,1,1752076336962
2016-10-12T00:00:00.000000000,Others-CCCPS135a,10.686237731421869,1,1752076336962
2016-10-12T00:00:00.000000000,Others-CCCPS119a,10.526009434336228,1,1752076336962
2016-10-12T00:00:00.000000000,BHMEURBRD01,10.596004728132389,1,1752076336962
2016-10-13T00:00:00.000000000,BHMBCCMKT01,10.492454265357212,1,1752076339612
2016-10-13T00:00:00.000000000,BHMNCPNST01,10.54130011454754,1,1752076339612
2016-10-13T00:00:00.000000000,Others-CCCPS105a,10.661688236270116,1,1752076339612
2016-10-13T00:00:00.000000000,Shopping,10.65087962962963,1,1752076339612
2016-10-13T00:00:00.000000000,Others-CCCPS135a,10.637726986579679,1,1752076339612
2016-10-13T00:00:00.000000000,BHMEURBRD01,10.607600472813239,1,1752076339612
2016-10-13T00:00:00.000000000,Others-CCCPS98,10.589757224191644,1,1752076339612
2016-10-13T00:00:00.000000000,Others-CCCPS202,10.627072031173155,1,1752076339612
2016-10-13T00:00:00.000000000,BHMMBMMBX01,10.621151544557659,1,1752076339612
2016-10-13T00:00:00.000000000,BHMBCCTHL01,10.58669537754809,1,1752076339612
2016-10-13T00:00:00.000000000,Others-CCCPS8,10.604662128088755,1,1752076339612
2016-10-13T00:00:00.000000000,BHMNCPHST01,10.563143518518519,1,1752076339612
2016-10-13T00:00:00.000000000,Broad Street,10.58927536231884,1,1752076339612
2016-10-13T00:00:00.000000000,Others-CCCPS119a,10.525111190391247,1,1752076339612
2016-10-14T00:00:00.000000000,BHMNCPNST01,10.567966781214205,1,1752076342232
2016-10-14T00:00:00.000000000,BHMBCCTHL01,10.600914441573357,1,1752076342232
2016-10-14T00:00:00.000000000,BHMMBMMBX01,10.611924632055636,1,1752076342232
2016-10-14T00:00:00.000000000,Others-CCCPS105a,10.633870914219345,1,1752076342232
2016-10-14T00:00:00.000000000,Others-CCCPS119a,10.559838268521823,1,1752076342232
2016-10-14T00:00:00.000000000,Others-CCCPS98,10.571417266444659,1,1752076342232
2016-10-14T00:00:00.000000000,BHMEURBRD01,10.604420803782507,1,1752076342232
2016-10-14T00:00:00.000000000,Others-CCCPS202,10.586344531456891,1,1752076342232
2016-10-14T00:00:00.000000000,Broad Street,10.590595813204509,1,1752076342232
2016-10-14T00:00:00.000000000,Others-CCCPS135a,10.631390391163762,1,1752076342232
2016-10-14T00:00:00.000000000,BHMNCPHST01,10.599106481481481,1,1752076342232
2016-10-14T00:00:00.000000000,Shopping,10.663608217592593,1,1752076342232
2016-10-14T00:00:00.000000000,BHMBCCMKT01,10.512354130560372,1,1752076342232
2016-10-14T00:00:00.000000000,Others-CCCPS8,10.58786602790385,1,1752076342232
2016-10-15T00:00:00.000000000,Others-CCCPS135a,10.640235356396829,1,1752076344862
2016-10-15T00:00:00.000000000,BHMBCCMKT01,10.52692085499711,1,1752076344862
2016-10-15T00:00:00.000000000,BHMMBMMBX01,10.588466763706938,1,1752076344862
2016-10-15T00:00:00.000000000,Others-CCCPS8,10.598760295848042,1,1752076344862
2016-10-15T00:00:00.000000000,Broad Street,10.610080515297906,1,1752076344862
2016-10-15T00:00:00.000000000,BHMNCPNST01,10.563384879725087,1,1752076344862
2016-10-15T00:00:00.000000000,Others-CCCPS98,10.621900132488273,1,1752076344862
2016-10-15T00:00:00.000000000,BHMBCCTHL01,10.564949755957507,1,1752076344862
2016-10-15T00:00:00.000000000,Others-CCCPS105a,10.610717880648195,1,1752076344862
2016-10-15T00:00:00.000000000,Others-CCCPS119a,10.564834502715346,1,1752076344862
2016-10-15T00:00:00.000000000,BHMNCPHST01,10.551569444444445,1,1752076344862
2016-10-15T00:00:00.000000000,Shopping,10.613211805555556,1,1752076344862
2016-10-15T00:00:00.000000000,Others-CCCPS202,10.604986569818031,1,1752076344862
2016-10-15T00:00:00.000000000,BHMEURBRD01,10.595732860520094,1,1752076344862
2016-10-16T00:00:00.000000000,BHMMBMMBX01,10.585469836648876,1,1752076347502
2016-10-16T00:00:00.000000000,Others-CCCPS105a,10.607085891267076,1,1752076347502
2016-10-16T00:00:00.000000000,BHMNCPNST01,10.592187857961052,1,1752076347502
2016-10-16T00:00:00.000000000,BHMNCPHST01,10.553097222222224,1,1752076347502
2016-10-16T00:00:00.000000000,Broad Street,10.53743156199678,1,1752076347502
2016-10-16T00:00:00.000000000,Others-CCCPS119a,10.513431442502082,1,1752076347502
2016-10-16T00:00:00.000000000,Shopping,10.567861689814816,1,1752076347502
2016-10-16T00:00:00.000000000,Others-CCCPS135a,10.611828912352992,1,1752076347502
2016-10-16T00:00:00.000000000,BHMBCCMKT01,10.575670132871174,1,1752076347502
2016-10-16T00:00:00.000000000,BHMEURBRD01,10.5027304964539,1,1752076347502
2016-10-16T00:00:00.000000000,Others-CCCPS98,10.57170175815519,1,1752076347502
2016-10-16T00:00:00.000000000,Others-CCCPS8,10.611215330307616,1,1752076347502
2016-10-16T00:00:00.000000000,Others-CCCPS202,10.568641281731171,1,1752076347502
2016-10-16T00:00:00.000000000,BHMBCCTHL01,10.595552684467414,1,1752076347502
2016-10-17T00:00:00.000000000,Others-CCCPS105a,10.684874177313201,1,1752076350162
2016-10-17T00:00:00.000000000,BHMNCPNST01,10.661082474226804,1,1752076350162
2016-10-17T00:00:00.000000000,BHMBCCMKT01,10.551398998652031,1,1752076350162
2016-10-17T00:00:00.000000000,BHMEURBRD01,10.616631205673759,1,1752076350162
2016-10-17T00:00:00.000000000,BHMNCPHST01,10.632222222222223,1,1752076350162
2016-10-17T00:00:00.000000000,Others-CCCPS135a,10.70033522190746,1,1752076350162
2016-10-17T00:00:00.000000000,BHMMBMMBX01,10.699763868672164,1,1752076350162
2016-10-17T00:00:00.000000000,Others-CCCPS8,10.708868717431502,1,1752076350162
2016-10-17T00:00:00.000000000,Shopping,10.68390625,1,1752076350162
2016-10-17T00:00:00.000000000,Others-CCCPS202,10.678280369235424,1,1752076350162
2016-10-17T00:00:00.000000000,BHMBCCTHL01,10.68,1,1752076350162
2016-10-17T00:00:00.000000000,Broad Street,10.617552334943639,1,1752076350162
2016-10-17T00:00:00.000000000,Others-CCCPS119a,10.618264756015382,1,1752076350162
2016-10-17T00:00:00.000000000,Others-CCCPS98,10.685439001682958,1,1752076350162
2016-10-18T00:00:00.000000000,BHMNCPHST01,10.629199074074073,1,1752076352792
2016-10-18T00:00:00.000000000,Broad Street,10.61610305958132,1,1752076352792
2016-10-18T00:00:00.000000000,Others-CCCPS8,10.57734325096655,1,1752076352792
2016-10-18T00:00:00.000000000,BHMEURBRD01,10.58052009456265,1,1752076352792
2016-10-18T00:00:00.000000000,BHMBCCMKT01,10.531037935682651,1,1752076352792
2016-10-18T00:00:00.000000000,Others-CCCPS105a,10.60103810629943,1,1752076352792
2016-10-18T00:00:00.000000000,BHMNCPNST01,10.557462772050402,1,1752076352792
2016-10-18T00:00:00.000000000,Others-CCCPS98,10.59396050417159,1,1752076352792
2016-10-18T00:00:00.000000000,BHMMBMMBX01,10.593367297428433,1,1752076352792
2016-10-18T00:00:00.000000000,Others-CCCPS135a,10.702358857698801,1,1752076352792
2016-10-18T00:00:00.000000000,Shopping,10.660289351851853,1,1752076352792
2016-10-18T00:00:00.000000000,BHMBCCTHL01,10.590317255239736,1,1752076352792
2016-10-18T00:00:00.000000000,Others-CCCPS119a,10.55547964482499,1,1752076352792
2016-10-18T00:00:00.000000000,Others-CCCPS202,10.609146332236218,1,1752076352792
2016-10-19T00:00:00.000000000,Broad Street,10.630056360708535,1,1752076355442
2016-10-19T00:00:00.000000000,Others-CCCPS105a,10.642495713732647,1,1752076355442
2016-10-19T00:00:00.000000000,BHMEURBRD01,10.59434988179669,1,1752076355442
2016-10-19T00:00:00.000000000,Shopping,10.625318287037038,1,1752076355442
2016-10-19T00:00:00.000000000,Others-CCCPS98,10.61189923729724,1,1752076355442
2016-10-19T00:00:00.000000000,BHMNCPNST01,10.601030927835051,1,1752076355442
2016-10-19T00:00:00.000000000,Others-CCCPS8,10.59290300890906,1,1752076355442
2016-10-19T00:00:00.000000000,BHMBCCMKT01,10.52213171577123,1,1752076355442
2016-10-19T00:00:00.000000000,BHMBCCTHL01,10.57673126614987,1,1752076355442
2016-10-19T00:00:00.000000000,Others-CCCPS202,10.644683728672494,1,1752076355442
2016-10-19T00:00:00.000000000,BHMMBMMBX01,10.613901018922853,1,1752076355442
2016-10-19T00:00:00.000000000,Others-CCCPS119a,10.57390454671582,1,1752076355442
2016-10-19T00:00:00.000000000,BHMNCPHST01,10.603712962962963,1,1752076355442
2016-10-19T00:00:00.000000000,Others-CCCPS135a,10.670945860875038,1,1752076355442
2016-10-20T00:00:00.000000000,Others-CCCPS98,10.598102553084829,1,1752076358102
2016-10-20T00:00:00.000000000,Others-CCCPS135a,10.670919964517697,1,1752076358102
2016-10-20T00:00:00.000000000,Others-CCCPS105a,10.624668436480283,1,1752076358102
2016-10-20T00:00:00.000000000,BHMBCCMKT01,10.508879260543038,1,1752076358102
2016-10-20T00:00:00.000000000,Shopping,10.596550925925925,1,1752076358102
2016-10-20T00:00:00.000000000,BHMNCPHST01,10.602893518518519,1,1752076358102
2016-10-20T00:00:00.000000000,Others-CCCPS119a,10.578838942402982,1,1752076358102
2016-10-20T00:00:00.000000000,Others-CCCPS202,10.585534559073885,1,1752076358102
2016-10-20T00:00:00.000000000,Broad Street,10.57342190016103,1,1752076358102
2016-10-20T00:00:00.000000000,BHMEURBRD01,10.563156028368795,1,1752076358102
2016-10-20T00:00:00.000000000,Others-CCCPS8,10.599974785678265,1,1752076358102
2016-10-20T00:00:00.000000000,BHMNCPNST01,10.608339060710195,1,1752076358102
2016-10-20T00:00:00.000000000,BHMBCCTHL01,10.584981337927076,1,1752076358102
2016-10-20T00:00:00.000000000,BHMMBMMBX01,10.611739446870452,1,1752076358102
2016-10-23T00:00:00.000000000,Shopping,10.58480324074074,1,1752076360722
2016-10-23T00:00:00.000000000,Others-CCCPS202,10.574051564332462,1,1752076360722
2016-10-23T00:00:00.000000000,Others-CCCPS98,10.567619508003007,1,1752076360722
2016-10-23T00:00:00.000000000,Others-CCCPS135a,10.583432912696368,1,1752076360722
2016-10-23T00:00:00.000000000,Broad Street,10.50037842190016,1,1752076360722
2016-10-23T00:00:00.000000000,BHMNCPHST01,10.534689814814815,1,1752076360722
2016-10-23T00:00:00.000000000,BHMEURBRD01,10.504444444444445,1,1752076360722
2016-10-23T00:00:00.000000000,BHMNCPNST01,10.564203894616266,1,1752076360722
2016-10-23T00:00:00.000000000,BHMBCCMKT01,10.575972462930869,1,1752076360722
2016-10-23T00:00:00.000000000,Others-CCCPS119a,10.550047171681136,1,1752076360722
2016-10-23T00:00:00.000000000,Others-CCCPS8,10.593419062027232,1,1752076360722
2016-10-23T00:00:00.000000000,Others-CCCPS105a,10.603021127150047,1,1752076360722
2016-10-23T00:00:00.000000000,BHMBCCTHL01,10.554488946310652,1,1752076360722
2016-10-23T00:00:00.000000000,BHMMBMMBX01,10.602474526928676,1,1752076360722
2016-10-24T00:00:00.000000000,Others-CCCPS105a,10.70755599800896,1,1752076363352
2016-10-24T00:00:00.000000000,Others-CCCPS8,10.668662800470667,1,1752076363352
2016-10-24T00:00:00.000000000,Others-CCCPS119a,10.638954493201728,1,1752076363352
2016-10-24T00:00:00.000000000,Others-CCCPS135a,10.661661659083755,1,1752076363352
2016-10-24T00:00:00.000000000,BHMBCCTHL01,10.664394200401953,1,1752076363352
2016-10-24T00:00:00.000000000,BHMNCPHST01,10.599333333333334,1,1752076363352
2016-10-24T00:00:00.000000000,BHMEURBRD01,10.54789598108747,1,1752076363352
2016-10-24T00:00:00.000000000,BHMMBMMBX01,10.657396086042375,1,1752076363352
2016-10-24T00:00:00.000000000,Shopping,10.643194444444443,1,1752076363352
2016-10-24T00:00:00.000000000,Others-CCCPS98,10.645399434239266,1,1752076363352
2016-10-24T00:00:00.000000000,Broad Street,10.541731078904991,1,1752076363352
2016-10-24T00:00:00.000000000,Others-CCCPS202,10.63232758294556,1,1752076363352
2016-10-24T00:00:00.000000000,BHMBCCMKT01,10.599168110918544,1,1752076363352
2016-10-24T00:00:00.000000000,BHMNCPNST01,10.633224513172967,1,1752076363352
2016-10-25T00:00:00.000000000,BHMNCPNST01,10.57036655211913,1,1752076365984
2016-10-25T00:00:00.000000000,BHMBCCTHL01,10.571484352569625,1,1752076365984
2016-10-25T00:00:00.000000000,Broad Street,10.620273752012883,1,1752076365984
2016-10-25T00:00:00.000000000,Others-CCCPS98,10.574490099187166,1,1752076365984
2016-10-25T00:00:00.000000000,BHMEURBRD01,10.590189125295508,1,1752076365984
2016-10-25T00:00:00.000000000,BHMBCCMKT01,10.545068361255536,1,1752076365984
2016-10-25T00:00:00.000000000,Shopping,10.625121527777779,1,1752076365984
2016-10-25T00:00:00.000000000,BHMNCPHST01,10.573583333333334,1,1752076365984
2016-10-25T00:00:00.000000000,Others-CCCPS8,10.598003025718608,1,1752076365984
2016-10-25T00:00:00.000000000,Others-CCCPS202,10.600225475731094,1,1752076365984
2016-10-25T00:00:00.000000000,Others-CCCPS105a,10.589096288922073,1,1752076365984
2016-10-25T00:00:00.000000000,Others-CCCPS135a,10.668785732680917,1,1752076365984
2016-10-25T00:00:00.000000000,Others-CCCPS119a,10.56339854124549,1,1752076365984
2016-10-25T00:00:00.000000000,BHMMBMMBX01,10.591293061620572,1,1752076365984
2016-10-26T00:00:00.000000000,BHMEURBRD01,10.598546099290779,1,1752076368622
2016-10-26T00:00:00.000000000,Others-CCCPS105a,10.59953957192633,1,1752076368622
2016-10-26T00:00:00.000000000,Shopping,10.608136574074074,1,1752076368622
2016-10-26T00:00:00.000000000,BHMNCPNST01,10.574289805269185,1,1752076368622
2016-10-26T00:00:00.000000000,BHMBCCMKT01,10.526328711727327,1,1752076368622
2016-10-26T00:00:00.000000000,BHMBCCTHL01,10.591462819408557,1,1752076368622
2016-10-26T00:00:00.000000000,Others-CCCPS98,10.60475794034447,1,1752076368622
2016-10-26T00:00:00.000000000,Others-CCCPS202,10.581124162978096,1,1752076368622
2016-10-26T00:00:00.000000000,Others-CCCPS135a,10.669468766990013,1,1752076368622
2016-10-26T00:00:00.000000000,BHMNCPHST01,10.596300925925926,1,1752076368622
2016-10-26T00:00:00.000000000,Broad Street,10.62938003220612,1,1752076368622
2016-10-26T00:00:00.000000000,Others-CCCPS8,10.589004874768868,1,1752076368622
2016-10-26T00:00:00.000000000,BHMMBMMBX01,10.60788371340773,1,1752076368622
2016-10-26T00:00:00.000000000,Others-CCCPS119a,10.518481587188331,1,1752076368622
2016-10-27T00:00:00.000000000,Others-CCCPS105a,10.630234500304187,1,1752076371282
2016-10-27T00:00:00.000000000,BHMNCPNST01,10.587497136311569,1,1752076371282
2016-10-27T00:00:00.000000000,BHMNCPHST01,10.570976851851853,1,1752076371282
2016-10-27T00:00:00.000000000,Others-CCCPS119a,10.567238474650175,1,1752076371282
2016-10-27T00:00:00.000000000,Shopping,10.599777199074074,1,1752076371282
2016-10-27T00:00:00.000000000,Broad Street,10.586441223832528,1,1752076371282
2016-10-27T00:00:00.000000000,Others-CCCPS8,10.58417128929232,1,1752076371282
2016-10-27T00:00:00.000000000,BHMBCCMKT01,10.516870787598691,1,1752076371282
2016-10-27T00:00:00.000000000,Others-CCCPS98,10.631245031689762,1,1752076371282
2016-10-27T00:00:00.000000000,Others-CCCPS135a,10.649480212893812,1,1752076371282
2016-10-27T00:00:00.000000000,BHMMBMMBX01,10.583442503639011,1,1752076371282
2016-10-27T00:00:00.000000000,Others-CCCPS202,10.583145878258238,1,1752076371282
2016-10-27T00:00:00.000000000,BHMBCCTHL01,10.591185759402816,1,1752076371282
2016-10-27T00:00:00.000000000,BHMEURBRD01,10.588286052009456,1,1752076371282
2016-10-28T00:00:00.000000000,Others-CCCPS135a,10.648184536583969,1,1752076373902
2016-10-28T00:00:00.000000000,BHMNCPNST01,10.581958762886599,1,1752076373902
2016-10-28T00:00:00.000000000,Broad Street,10.628647342995169,1,1752076373902
2016-10-28T00:00:00.000000000,Others-CCCPS98,10.635716689941635,1,1752076373902
2016-10-28T00:00:00.000000000,BHMEURBRD01,10.599338061465723,1,1752076373902
2016-10-28T00:00:00.000000000,BHMMBMMBX01,10.611432961345626,1,1752076373902
2016-10-28T00:00:00.000000000,Others-CCCPS8,10.591854933602287,1,1752076373902
2016-10-28T00:00:00.000000000,BHMNCPHST01,10.587337962962964,1,1752076373902
2016-10-28T00:00:00.000000000,BHMBCCMKT01,10.5410668207202,1,1752076373902
2016-10-28T00:00:00.000000000,Others-CCCPS119a,10.579982756570342,1,1752076373902
2016-10-28T00:00:00.000000000,Shopping,10.659516782407408,1,1752076373902
2016-10-28T00:00:00.000000000,Others-CCCPS202,10.619348541595732,1,1752076373902
2016-10-28T00:00:00.000000000,BHMBCCTHL01,10.56315101923629,1,1752076373902
2016-10-28T00:00:00.000000000,Others-CCCPS105a,10.617904983131464,1,1752076373902
2016-10-29T00:00:00.000000000,BHMNCPNST01,10.600664375715922,1,1752076376552
2016-10-29T00:00:00.000000000,Others-CCCPS8,10.605512691208608,1,1752076376552
2016-10-29T00:00:00.000000000,Others-CCCPS119a,10.591968129385183,1,1752076376552
2016-10-29T00:00:00.000000000,Broad Street,10.592987117552335,1,1752076376552
2016-10-29T00:00:00.000000000,BHMBCCMKT01,10.533948584633158,1,1752076376552
2016-10-29T00:00:00.000000000,Shopping,10.59255787037037,1,1752076376552
2016-10-29T00:00:00.000000000,Others-CCCPS105a,10.609845694375311,1,1752076376552
2016-10-29T00:00:00.000000000,Others-CCCPS135a,10.634888116290382,1,1752076376552
2016-10-29T00:00:00.000000000,Others-CCCPS98,10.604307301178071,1,1752076376552
2016-10-29T00:00:00.000000000,BHMEURBRD01,10.565236406619384,1,1752076376552
2016-10-29T00:00:00.000000000,Others-CCCPS202,10.60247418000227,1,1752076376552
2016-10-29T00:00:00.000000000,BHMBCCTHL01,10.564289405684754,1,1752076376552
2016-10-29T00:00:00.000000000,BHMMBMMBX01,10.583402878861394,1,1752076376552
2016-10-29T00:00:00.000000000,BHMNCPHST01,10.574916666666667,1,1752076376552
2016-10-30T00:00:00.000000000,BHMBCCTHL01,10.59877260981912,1,1752076379282
2016-10-30T00:00:00.000000000,Broad Street,10.52900966183575,1,1752076379282
2016-10-30T00:00:00.000000000,Others-CCCPS98,10.599585705589574,1,1752076379282
2016-10-30T00:00:00.000000000,Others-CCCPS119a,10.578682958734689,1,1752076379282
2016-10-30T00:00:00.000000000,Shopping,10.571238425925927,1,1752076379282
2016-10-30T00:00:00.000000000,Others-CCCPS135a,10.611983861275647,1,1752076379282
2016-10-30T00:00:00.000000000,BHMMBMMBX01,10.610528869480834,1,1752076379282
2016-10-30T00:00:00.000000000,BHMEURBRD01,10.529562647754139,1,1752076379282
2016-10-30T00:00:00.000000000,Others-CCCPS202,10.582953315930844,1,1752076379282
2016-10-30T00:00:00.000000000,Others-CCCPS8,10.59480416876786,1,1752076379282
2016-10-30T00:00:00.000000000,BHMNCPHST01,10.542333333333334,1,1752076379282
2016-10-30T00:00:00.000000000,Others-CCCPS105a,10.611468115701566,1,1752076379282
2016-10-30T00:00:00.000000000,BHMNCPNST01,10.624215349369987,1,1752076379282
2016-10-30T00:00:00.000000000,BHMBCCMKT01,10.535715386096669,1,1752076379282
2016-10-31T00:00:00.000000000,Others-CCCPS105a,10.661981361650351,1,1752076381912
2016-10-31T00:00:00.000000000,BHMBCCMKT01,10.55604948969767,1,1752076381912
2016-10-31T00:00:00.000000000,BHMNCPHST01,10.575319444444444,1,1752076381912
2016-10-31T00:00:00.000000000,Others-CCCPS8,10.687266767523953,1,1752076381912
2016-10-31T00:00:00.000000000,BHMMBMMBX01,10.629471130519166,1,1752076381912
2016-10-31T00:00:00.000000000,Others-CCCPS119a,10.622880247354026,1,1752076381912
2016-10-31T00:00:00.000000000,BHMBCCTHL01,10.631877691645133,1,1752076381912
2016-10-31T00:00:00.000000000,Others-CCCPS202,10.632679037566678,1,1752076381912
2016-10-31T00:00:00.000000000,Shopping,10.626331018518517,1,1752076381912
2016-10-31T00:00:00.000000000,Others-CCCPS135a,10.651732623687298,1,1752076381912
2016-10-31T00:00:00.000000000,Broad Street,10.566739130434783,1,1752076381912
2016-10-31T00:00:00.000000000,BHMNCPNST01,10.65516609392898,1,1752076381912
2016-10-31T00:00:00.000000000,BHMEURBRD01,10.544432624113476,1,1752076381912
2016-10-31T00:00:00.000000000,Others-CCCPS98,10.69111666129552,1,1752076381912
2016-11-01T00:00:00.000000000,Others-CCCPS8,10.615305933770383,1,1752076384542
2016-11-01T00:00:00.000000000,BHMBCCMKT01,10.500319661082226,1,1752076384542
2016-11-01T00:00:00.000000000,Broad Street,10.614339774557166,1,1752076384542
2016-11-01T00:00:00.000000000,Others-CCCPS105a,10.620507438747858,1,1752076384542
2016-11-01T00:00:00.000000000,BHMNCPHST01,10.595375,1,1752076384542
2016-11-01T00:00:00.000000000,BHMMBMMBX01,10.61898512049167,1,1752076384542
2016-11-01T00:00:00.000000000,Others-CCCPS202,10.589265690614004,1,1752076384542
2016-11-01T00:00:00.000000000,Others-CCCPS98,10.593300390303291,1,1752076384542
2016-11-01T00:00:00.000000000,Others-CCCPS119a,10.545636421294644,1,1752076384542
2016-11-01T00:00:00.000000000,Shopping,10.622459490740741,1,1752076384542
2016-11-01T00:00:00.000000000,BHMBCCTHL01,10.52537180591444,1,1752076384542
2016-11-01T00:00:00.000000000,BHMNCPNST01,10.603476517754869,1,1752076384542
2016-11-01T00:00:00.000000000,BHMEURBRD01,10.612364066193853,1,1752076384542
2016-11-01T00:00:00.000000000,Others-CCCPS135a,10.645489598534926,1,1752076384542
2016-11-02T00:00:00.000000000,Others-CCCPS135a,10.6904289352448,1,1752076387182
2016-11-02T00:00:00.000000000,BHMMBMMBX01,10.620773087497978,1,1752076387182
2016-11-02T00:00:00.000000000,Broad Street,10.613252818035425,1,1752076387182
2016-11-02T00:00:00.000000000,BHMNCPHST01,10.572666666666667,1,1752076387182
2016-11-02T00:00:00.000000000,Others-CCCPS98,10.603413184373544,1,1752076387182
2016-11-02T00:00:00.000000000,BHMEURBRD01,10.610094562647754,1,1752076387182
2016-11-02T00:00:00.000000000,Others-CCCPS8,10.59736594385611,1,1752076387182
2016-11-02T00:00:00.000000000,BHMBCCMKT01,10.545933949547468,1,1752076387182
2016-11-02T00:00:00.000000000,Shopping,10.633857060185186,1,1752076387182
2016-11-02T00:00:00.000000000,BHMBCCTHL01,10.551424059718633,1,1752076387182
2016-11-02T00:00:00.000000000,BHMNCPNST01,10.572359679266896,1,1752076387182
2016-11-02T00:00:00.000000000,Others-CCCPS119a,10.529791096840686,1,1752076387182
2016-11-02T00:00:00.000000000,Others-CCCPS105a,10.639944140257729,1,1752076387182
2016-11-02T00:00:00.000000000,Others-CCCPS202,10.588643362463587,1,1752076387182
2016-11-03T00:00:00.000000000,Others-CCCPS8,10.558601445621111,1,1752076389792
2016-11-03T00:00:00.000000000,BHMBCCTHL01,10.559643985070341,1,1752076389792
2016-11-03T00:00:00.000000000,Shopping,10.628425925925926,1,1752076389792
2016-11-03T00:00:00.000000000,Others-CCCPS119a,10.536980417806319,1,1752076389792
2016-11-03T00:00:00.000000000,BHMBCCMKT01,10.502436934334682,1,1752076389792
2016-11-03T00:00:00.000000000,Others-CCCPS105a,10.631697638404955,1,1752076389792
2016-11-03T00:00:00.000000000,BHMNCPNST01,10.590263459335624,1,1752076389792
2016-11-03T00:00:00.000000000,BHMEURBRD01,10.619290780141844,1,1752076389792
2016-11-03T00:00:00.000000000,Others-CCCPS202,10.598144932470774,1,1752076389792
2016-11-03T00:00:00.000000000,BHMMBMMBX01,10.646469351447518,1,1752076389792
2016-11-03T00:00:00.000000000,BHMNCPHST01,10.576291666666666,1,1752076389792
2016-11-03T00:00:00.000000000,Others-CCCPS98,10.58604612024206,1,1752076389792
2016-11-03T00:00:00.000000000,Others-CCCPS135a,10.645332503505308,1,1752076389792
2016-11-03T00:00:00.000000000,Broad Street,10.566803542673108,1,1752076389792
2016-11-04T00:00:00.000000000,Broad Street,10.61900966183575,1,1752076392412
2016-11-04T00:00:00.000000000,BHMNCPHST01,10.591726851851853,1,1752076392412
2016-11-04T00:00:00.000000000,Others-CCCPS135a,10.655689901851375,1,1752076392412
2016-11-04T00:00:00.000000000,Others-CCCPS98,10.593638235399434,1,1752076392412
2016-11-04T00:00:00.000000000,BHMEURBRD01,10.603593380614658,1,1752076392412
2016-11-04T00:00:00.000000000,Others-CCCPS119a,10.546862885004163,1,1752076392412
2016-11-04T00:00:00.000000000,BHMBCCTHL01,10.579328165374678,1,1752076392412
2016-11-04T00:00:00.000000000,Others-CCCPS202,10.608119585366776,1,1752076392412
2016-11-04T00:00:00.000000000,BHMMBMMBX01,10.62016335112405,1,1752076392412
2016-11-04T00:00:00.000000000,Shopping,10.652728587962963,1,1752076392412
2016-11-04T00:00:00.000000000,BHMBCCMKT01,10.554504140188715,1,1752076392412
2016-11-04T00:00:00.000000000,BHMNCPNST01,10.583510882016036,1,1752076392412
2016-11-04T00:00:00.000000000,Others-CCCPS105a,10.641885957635086,1,1752076392412
2016-11-04T00:00:00.000000000,Others-CCCPS8,10.586854093124895,1,1752076392412
2016-11-05T00:00:00.000000000,Others-CCCPS98,10.57602356142801,1,1752076395082
2016-11-05T00:00:00.000000000,BHMNCPNST01,10.547628865979382,1,1752076395082
2016-11-05T00:00:00.000000000,BHMNCPHST01,10.594337962962964,1,1752076395082
2016-11-05T00:00:00.000000000,BHMBCCTHL01,10.566422624174564,1,1752076395082
2016-11-05T00:00:00.000000000,Others-CCCPS202,10.61345798812091,1,1752076395082
2016-11-05T00:00:00.000000000,Broad Street,10.6281884057971,1,1752076395082
2016-11-05T00:00:00.000000000,Others-CCCPS135a,10.621398117148825,1,1752076395082
2016-11-05T00:00:00.000000000,BHMMBMMBX01,10.62402717127608,1,1752076395082
2016-11-05T00:00:00.000000000,BHMEURBRD01,10.613522458628841,1,1752076395082
2016-11-05T00:00:00.000000000,Others-CCCPS105a,10.576614401858304,1,1752076395082
2016-11-05T00:00:00.000000000,Others-CCCPS8,10.59334425953942,1,1752076395082
2016-11-05T00:00:00.000000000,Shopping,10.610700231481482,1,1752076395082
2016-11-05T00:00:00.000000000,Others-CCCPS119a,10.533304792484245,1,1752076395082
2016-11-05T00:00:00.000000000,BHMBCCMKT01,10.514854611977661,1,1752076395082
2016-11-06T00:00:00.000000000,Others-CCCPS98,10.574175887134313,1,1752076397722
2016-11-06T00:00:00.000000000,Others-CCCPS8,10.582476886871744,1,1752076397722
2016-11-06T00:00:00.000000000,BHMBCCMKT01,10.532797997304064,1,1752076397722
2016-11-06T00:00:00.000000000,Others-CCCPS105a,10.62157153918478,1,1752076397722
2016-11-06T00:00:00.000000000,Broad Street,10.506731078904991,1,1752076397722
2016-11-06T00:00:00.000000000,Others-CCCPS135a,10.576973273814634,1,1752076397722
2016-11-06T00:00:00.000000000,BHMMBMMBX01,10.591631085233706,1,1752076397722
2016-11-06T00:00:00.000000000,BHMNCPNST01,10.525887743413517,1,1752076397722
2016-11-06T00:00:00.000000000,Others-CCCPS119a,10.523647084472984,1,1752076397722
2016-11-06T00:00:00.000000000,BHMEURBRD01,10.511867612293145,1,1752076397722
2016-11-06T00:00:00.000000000,BHMNCPHST01,10.526342592592592,1,1752076397722
2016-11-06T00:00:00.000000000,Shopping,10.570905671296295,1,1752076397722
2016-11-06T00:00:00.000000000,BHMBCCTHL01,10.5635443583118,1,1752076397722
2016-11-06T00:00:00.000000000,Others-CCCPS202,10.562029092422351,1,1752076397722
2016-11-07T00:00:00.000000000,Shopping,10.663504050925924,1,1752076400352
2016-11-07T00:00:00.000000000,BHMBCCTHL01,10.642302612690209,1,1752076400352
2016-11-07T00:00:00.000000000,Others-CCCPS202,10.663551810237204,1,1752076400352
2016-11-07T00:00:00.000000000,Others-CCCPS8,10.674088082030593,1,1752076400352
2016-11-07T00:00:00.000000000,Others-CCCPS105a,10.677473037995686,1,1752076400352
2016-11-07T00:00:00.000000000,BHMNCPHST01,10.573375,1,1752076400352
2016-11-07T00:00:00.000000000,Others-CCCPS119a,10.591844254172118,1,1752076400352
2016-11-07T00:00:00.000000000,Broad Street,10.594919484702094,1,1752076400352
2016-11-07T00:00:00.000000000,BHMBCCMKT01,10.557781629116118,1,1752076400352
2016-11-07T00:00:00.000000000,BHMEURBRD01,10.58320330969267,1,1752076400352
2016-11-07T00:00:00.000000000,BHMNCPNST01,10.605853379152348,1,1752076400352
2016-11-07T00:00:00.000000000,Others-CCCPS98,10.626021950084148,1,1752076400352
2016-11-07T00:00:00.000000000,Others-CCCPS135a,10.663486279222823,1,1752076400352
2016-11-07T00:00:00.000000000,BHMMBMMBX01,10.666638363254084,1,1752076400352
2016-11-08T00:00:00.000000000,Others-CCCPS135a,10.678322602798524,1,1752076403002
2016-11-08T00:00:00.000000000,BHMBCCTHL01,10.558248636233131,1,1752076403002
2016-11-08T00:00:00.000000000,Others-CCCPS202,10.608904588960769,1,1752076403002
2016-11-08T00:00:00.000000000,Others-CCCPS8,10.574983190452176,1,1752076403002
2016-11-08T00:00:00.000000000,BHMNCPHST01,10.592875,1,1752076403002
2016-11-08T00:00:00.000000000,BHMEURBRD01,10.587364066193853,1,1752076403002
2016-11-08T00:00:00.000000000,Others-CCCPS105a,10.617562911343398,1,1752076403002
2016-11-08T00:00:00.000000000,BHMMBMMBX01,10.634547954067607,1,1752076403002
2016-11-08T00:00:00.000000000,Broad Street,10.58694041867955,1,1752076403002
2016-11-08T00:00:00.000000000,Others-CCCPS119a,10.503903357513774,1,1752076403002
2016-11-08T00:00:00.000000000,Others-CCCPS98,10.553344433702152,1,1752076403002
2016-11-08T00:00:00.000000000,BHMNCPNST01,10.519971363115692,1,1752076403002
2016-11-08T00:00:00.000000000,Shopping,10.654890046296297,1,1752076403002
2016-11-08T00:00:00.000000000,BHMBCCMKT01,10.51553726169844,1,1752076403002
2016-11-09T00:00:00.000000000,BHMBCCMKT01,10.496526092817254,1,1752076405652
2016-11-09T00:00:00.000000000,Others-CCCPS135a,10.613876584542307,1,1752076405652
2016-11-09T00:00:00.000000000,Others-CCCPS105a,10.617078701399258,1,1752076405652
2016-11-09T00:00:00.000000000,Others-CCCPS98,10.602192680918108,1,1752076405652
2016-11-09T00:00:00.000000000,Others-CCCPS119a,10.561210409481905,1,1752076405652
2016-11-09T00:00:00.000000000,Shopping,10.613810763888889,1,1752076405652
2016-11-09T00:00:00.000000000,Others-CCCPS202,10.60617031740627,1,1752076405652
2016-11-09T00:00:00.000000000,BHMEURBRD01,10.637553191489362,1,1752076405652
2016-11-09T00:00:00.000000000,BHMBCCTHL01,10.587021246052252,1,1752076405652
2016-11-09T00:00:00.000000000,BHMMBMMBX01,10.607794759825328,1,1752076405652
2016-11-09T00:00:00.000000000,BHMNCPNST01,10.57774914089347,1,1752076405652
2016-11-09T00:00:00.000000000,Broad Street,10.63537842190016,1,1752076405652
2016-11-09T00:00:00.000000000,Others-CCCPS8,10.565490838796435,1,1752076405652
2016-11-09T00:00:00.000000000,BHMNCPHST01,10.598717592592592,1,1752076405652
2016-11-10T00:00:00.000000000,Others-CCCPS8,10.625783324928559,1,1752076408262
2016-11-10T00:00:00.000000000,BHMNCPNST01,10.615853379152348,1,1752076408262
2016-11-10T00:00:00.000000000,Shopping,10.63759837962963,1,1752076408262
2016-11-10T00:00:00.000000000,BHMMBMMBX01,10.639081352094452,1,1752076408262
2016-11-10T00:00:00.000000000,Others-CCCPS105a,10.618427907748465,1,1752076408262
2016-11-10T00:00:00.000000000,BHMBCCMKT01,10.48502695936838,1,1752076408262
2016-11-10T00:00:00.000000000,Others-CCCPS202,10.618302689819544,1,1752076408262
2016-11-10T00:00:00.000000000,Broad Street,10.623220611916263,1,1752076408262
2016-11-10T00:00:00.000000000,BHMBCCTHL01,10.56075078954924,1,1752076408262
2016-11-10T00:00:00.000000000,Others-CCCPS135a,10.662076286948807,1,1752076408262
2016-11-10T00:00:00.000000000,BHMEURBRD01,10.61418439716312,1,1752076408262
2016-11-10T00:00:00.000000000,Others-CCCPS98,10.586372685931178,1,1752076408262
2016-11-10T00:00:00.000000000,Others-CCCPS119a,10.54671562215087,1,1752076408262
2016-11-10T00:00:00.000000000,BHMNCPHST01,10.582342592592592,1,1752076408262
2016-11-11T00:00:00.000000000,Shopping,10.619065393518518,1,1752076410902
2016-11-11T00:00:00.000000000,Others-CCCPS8,10.596156496890234,1,1752076410902
2016-11-11T00:00:00.000000000,Others-CCCPS135a,10.64528900907088,1,1752076410902
2016-11-11T00:00:00.000000000,BHMMBMMBX01,10.607052401746726,1,1752076410902
2016-11-11T00:00:00.000000000,BHMBCCTHL01,10.57396353718059,1,1752076410902
2016-11-11T00:00:00.000000000,Broad Street,10.62281803542673,1,1752076410902
2016-11-11T00:00:00.000000000,BHMNCPNST01,10.584942726231386,1,1752076410902
2016-11-11T00:00:00.000000000,BHMNCPHST01,10.596037037037036,1,1752076410902
2016-11-11T00:00:00.000000000,BHMEURBRD01,10.627978723404254,1,1752076410902
2016-11-11T00:00:00.000000000,Others-CCCPS98,10.609343108819422,1,1752076410902
2016-11-11T00:00:00.000000000,Others-CCCPS105a,10.620714285714286,1,1752076410902
2016-11-11T00:00:00.000000000,Others-CCCPS119a,10.54908193602093,1,1752076410902
2016-11-11T00:00:00.000000000,Others-CCCPS202,10.6037746377634,1,1752076410902
2016-11-11T00:00:00.000000000,BHMBCCMKT01,10.503556710957058,1,1752076410902
2016-11-12T00:00:00.000000000,Shopping,10.631843171296296,1,1752076413522
2016-11-12T00:00:00.000000000,Others-CCCPS135a,10.674464188628495,1,1752076413522
2016-11-12T00:00:00.000000000,Others-CCCPS119a,10.550203948150791,1,1752076413522
2016-11-12T00:00:00.000000000,Others-CCCPS105a,10.598576406172224,1,1752076413522
2016-11-12T00:00:00.000000000,Broad Street,10.605185185185185,1,1752076413522
2016-11-12T00:00:00.000000000,BHMMBMMBX01,10.556785540999517,1,1752076413522
2016-11-12T00:00:00.000000000,Others-CCCPS8,10.578531685997648,1,1752076413522
2016-11-12T00:00:00.000000000,BHMNCPHST01,10.593574074074075,1,1752076413522
2016-11-12T00:00:00.000000000,BHMEURBRD01,10.587813238770686,1,1752076413522
2016-11-12T00:00:00.000000000,BHMBCCTHL01,10.578498420901521,1,1752076413522
2016-11-12T00:00:00.000000000,BHMBCCMKT01,10.504125746196804,1,1752076413522
2016-11-12T00:00:00.000000000,BHMNCPNST01,10.585326460481099,1,1752076413522
2016-11-12T00:00:00.000000000,Others-CCCPS98,10.589684892756114,1,1752076413522
2016-11-12T00:00:00.000000000,Others-CCCPS202,10.571322210872774,1,1752076413522
2016-11-13T00:00:00.000000000,BHMEURBRD01,10.529586288416075,1,1752076416152
2016-11-13T00:00:00.000000000,BHMBCCMKT01,10.545998459464665,1,1752076416152
2016-11-13T00:00:00.000000000,Others-CCCPS202,10.590008701244656,1,1752076416152
2016-11-13T00:00:00.000000000,BHMNCPNST01,10.574003436426116,1,1752076416152
2016-11-13T00:00:00.000000000,Shopping,10.586918402777778,1,1752076416152
2016-11-13T00:00:00.000000000,Others-CCCPS119a,10.539307884409562,1,1752076416152
2016-11-13T00:00:00.000000000,Broad Street,10.526570048309178,1,1752076416152
2016-11-13T00:00:00.000000000,Others-CCCPS105a,10.620720369448593,1,1752076416152
2016-11-13T00:00:00.000000000,Others-CCCPS8,10.604354513363589,1,1752076416152
2016-11-13T00:00:00.000000000,BHMMBMMBX01,10.576943231441048,1,1752076416152
2016-11-13T00:00:00.000000000,BHMNCPHST01,10.547412037037036,1,1752076416152
2016-11-13T00:00:00.000000000,Others-CCCPS98,10.57733483725427,1,1752076416152
2016-11-13T00:00:00.000000000,BHMBCCTHL01,10.57231553258685,1,1752076416152
2016-11-13T00:00:00.000000000,Others-CCCPS135a,10.640272698657968,1,1752076416152
2016-11-14T00:00:00.000000000,Others-CCCPS98,10.627376374118235,1,1752076418792
2016-11-14T00:00:00.000000000,Others-CCCPS135a,10.678673419749906,1,1752076418792
2016-11-14T00:00:00.000000000,Shopping,10.650057870370372,1,1752076418792
2016-11-14T00:00:00.000000000,BHMNCPNST01,10.621649484536082,1,1752076418792
2016-11-14T00:00:00.000000000,BHMMBMMBX01,10.622360504609414,1,1752076418792
2016-11-14T00:00:00.000000000,Others-CCCPS105a,10.682430451855538,1,1752076418792
2016-11-14T00:00:00.000000000,BHMNCPHST01,10.604236111111112,1,1752076418792
2016-11-14T00:00:00.000000000,BHMBCCMKT01,10.559534950895436,1,1752076418792
2016-11-14T00:00:00.000000000,Broad Street,10.590289855072463,1,1752076418792
2016-11-14T00:00:00.000000000,Others-CCCPS119a,10.600504816268284,1,1752076418792
2016-11-14T00:00:00.000000000,BHMEURBRD01,10.543463356973994,1,1752076418792
2016-11-14T00:00:00.000000000,Others-CCCPS8,10.667532358379558,1,1752076418792
2016-11-14T00:00:00.000000000,Others-CCCPS202,10.660284682026255,1,1752076418792
2016-11-14T00:00:00.000000000,BHMBCCTHL01,10.662012632787828,1,1752076418792
2016-11-15T00:00:00.000000000,Others-CCCPS98,10.591749561356394,1,1752076421412
2016-11-15T00:00:00.000000000,Others-CCCPS119a,10.530035477861022,1,1752076421412
2016-11-15T00:00:00.000000000,BHMBCCTHL01,10.563373528567329,1,1752076421412
2016-11-15T00:00:00.000000000,Others-CCCPS105a,10.618444776284496,1,1752076421412
2016-11-15T00:00:00.000000000,BHMMBMMBX01,10.590150412421156,1,1752076421412
2016-11-15T00:00:00.000000000,Others-CCCPS202,10.586951537850416,1,1752076421412
2016-11-15T00:00:00.000000000,BHMEURBRD01,10.603144208037826,1,1752076421412
2016-11-15T00:00:00.000000000,Shopping,10.617291666666667,1,1752076421412
2016-11-15T00:00:00.000000000,BHMNCPHST01,10.623046296296296,1,1752076421412
2016-11-15T00:00:00.000000000,Others-CCCPS135a,10.632388617048674,1,1752076421412
2016-11-15T00:00:00.000000000,BHMBCCMKT01,10.52423454650491,1,1752076421412
2016-11-15T00:00:00.000000000,BHMNCPNST01,10.590486827033219,1,1752076421412
2016-11-15T00:00:00.000000000,Broad Street,10.593856682769726,1,1752076421412
2016-11-15T00:00:00.000000000,Others-CCCPS8,10.591272482770213,1,1752076421412
2016-11-16T00:00:00.000000000,BHMMBMMBX01,10.604734756590652,1,1752076424052
2016-11-16T00:00:00.000000000,BHMEURBRD01,10.593865248226951,1,1752076424052
2016-11-16T00:00:00.000000000,Others-CCCPS202,10.611952294480385,1,1752076424052
2016-11-16T00:00:00.000000000,BHMNCPHST01,10.590550925925925,1,1752076424052
2016-11-16T00:00:00.000000000,Others-CCCPS98,10.580178859168548,1,1752076424052
2016-11-16T00:00:00.000000000,Broad Street,10.613091787439615,1,1752076424052
2016-11-16T00:00:00.000000000,BHMNCPNST01,10.594392898052691,1,1752076424052
2016-11-16T00:00:00.000000000,Others-CCCPS119a,10.549792880643755,1,1752076424052
2016-11-16T00:00:00.000000000,Others-CCCPS105a,10.580922515347602,1,1752076424052
2016-11-16T00:00:00.000000000,BHMBCCTHL01,10.588407981625036,1,1752076424052
2016-11-16T00:00:00.000000000,Shopping,10.601684027777779,1,1752076424052
2016-11-16T00:00:00.000000000,BHMBCCMKT01,10.510401502021953,1,1752076424052
2016-11-16T00:00:00.000000000,Others-CCCPS8,10.562454193982182,1,1752076424052
2016-11-16T00:00:00.000000000,Others-CCCPS135a,10.661975419921594,1,1752076424052
2016-11-17T00:00:00.000000000,Broad Street,10.628711755233496,1,1752076426672
2016-11-17T00:00:00.000000000,BHMBCCTHL01,10.588585989089864,1,1752076426672
2016-11-17T00:00:00.000000000,BHMMBMMBX01,10.588153000161732,1,1752076426672
2016-11-17T00:00:00.000000000,Others-CCCPS98,10.585380098112937,1,1752076426672
2016-11-17T00:00:00.000000000,Others-CCCPS202,10.6273290962055,1,1752076426672
2016-11-17T00:00:00.000000000,BHMNCPHST01,10.636851851851851,1,1752076426672
2016-11-17T00:00:00.000000000,Others-CCCPS105a,10.6270991648692,1,1752076426672
2016-11-17T00:00:00.000000000,Others-CCCPS8,10.606975962346612,1,1752076426672
2016-11-17T00:00:00.000000000,BHMNCPNST01,10.572262313860252,1,1752076426672
2016-11-17T00:00:00.000000000,Shopping,10.640283564814814,1,1752076426672
2016-11-17T00:00:00.000000000,Others-CCCPS135a,10.669166022834577,1,1752076426672
2016-11-17T00:00:00.000000000,Others-CCCPS119a,10.563132159987315,1,1752076426672
2016-11-17T00:00:00.000000000,BHMEURBRD01,10.6096926713948,1,1752076426672
2016-11-17T00:00:00.000000000,BHMBCCMKT01,10.494553244752552,1,1752076426672
2016-11-18T00:00:00.000000000,BHMNCPHST01,10.602944444444445,1,1752076429332
2016-11-18T00:00:00.000000000,Shopping,10.647083333333335,1,1752076429332
2016-11-18T00:00:00.000000000,BHMNCPNST01,10.602880870561282,1,1752076429332
2016-11-18T00:00:00.000000000,Others-CCCPS98,10.583143015719553,1,1752076429332
2016-11-18T00:00:00.000000000,Broad Street,10.651988727858292,1,1752076429332
2016-11-18T00:00:00.000000000,BHMMBMMBX01,10.625224809962802,1,1752076429332
2016-11-18T00:00:00.000000000,BHMBCCTHL01,10.625473729543497,1,1752076429332
2016-11-18T00:00:00.000000000,BHMEURBRD01,10.619172576832153,1,1752076429332
2016-11-18T00:00:00.000000000,Others-CCCPS135a,10.670637250693908,1,1752076429332
2016-11-18T00:00:00.000000000,BHMBCCMKT01,10.549064124783364,1,1752076429332
2016-11-18T00:00:00.000000000,Others-CCCPS105a,10.660461810740555,1,1752076429332
2016-11-18T00:00:00.000000000,Others-CCCPS119a,10.56303702382368,1,1752076429332
2016-11-18T00:00:00.000000000,Others-CCCPS8,10.621521264077995,1,1752076429332
2016-11-18T00:00:00.000000000,Others-CCCPS202,10.602969772632694,1,1752076429332
2016-11-19T00:00:00.000000000,Shopping,10.626380208333332,1,1752076431962
2016-11-19T00:00:00.000000000,Others-CCCPS8,10.598144225920322,1,1752076431962
2016-11-19T00:00:00.000000000,BHMMBMMBX01,10.587037845705968,1,1752076431962
2016-11-19T00:00:00.000000000,Others-CCCPS202,10.56815344455794,1,1752076431962
2016-11-19T00:00:00.000000000,Others-CCCPS119a,10.560905180956912,1,1752076431962
2016-11-19T00:00:00.000000000,Others-CCCPS105a,10.626594214921742,1,1752076431962
2016-11-19T00:00:00.000000000,BHMBCCMKT01,10.551513575967649,1,1752076431962
2016-11-19T00:00:00.000000000,BHMEURBRD01,10.613333333333333,1,1752076431962
2016-11-19T00:00:00.000000000,BHMNCPHST01,10.584939814814815,1,1752076431962
2016-11-19T00:00:00.000000000,Broad Street,10.591723027375203,1,1752076431962
2016-11-19T00:00:00.000000000,Others-CCCPS135a,10.668378973874724,1,1752076431962
2016-11-19T00:00:00.000000000,Others-CCCPS98,10.580015934400402,1,1752076431962
2016-11-19T00:00:00.000000000,BHMBCCTHL01,10.579237726098192,1,1752076431962
2016-11-19T00:00:00.000000000,BHMNCPNST01,10.533018327605957,1,1752076431962
2016-11-20T00:00:00.000000000,Others-CCCPS8,10.571771726340561,1,1752076434622
2016-11-20T00:00:00.000000000,Shopping,10.548365162037037,1,1752076434622
2016-11-20T00:00:00.000000000,BHMNCPHST01,10.550337962962963,1,1752076434622
2016-11-20T00:00:00.000000000,BHMMBMMBX01,10.594095099466278,1,1752076434622
2016-11-20T00:00:00.000000000,BHMNCPNST01,10.563098510882016,1,1752076434622
2016-11-20T00:00:00.000000000,Broad Street,10.514951690821256,1,1752076434622
2016-11-20T00:00:00.000000000,Others-CCCPS105a,10.613867319285436,1,1752076434622
2016-11-20T00:00:00.000000000,BHMBCCTHL01,10.611269020958945,1,1752076434622
2016-11-20T00:00:00.000000000,Others-CCCPS119a,10.514191937210132,1,1752076434622
2016-11-20T00:00:00.000000000,BHMEURBRD01,10.51390070921986,1,1752076434622
2016-11-20T00:00:00.000000000,Others-CCCPS135a,10.626526168197557,1,1752076434622
2016-11-20T00:00:00.000000000,Others-CCCPS98,10.568955491101802,1,1752076434622
2016-11-20T00:00:00.000000000,Others-CCCPS202,10.561107327961262,1,1752076434622
2016-11-20T00:00:00.000000000,BHMBCCMKT01,10.557057577508184,1,1752076434622
2016-11-21T00:00:00.000000000,BHMBCCTHL01,10.71243468274476,1,1752076437252
2016-11-21T00:00:00.000000000,Shopping,10.643544560185186,1,1752076437252
2016-11-21T00:00:00.000000000,Others-CCCPS98,10.668172198947254,1,1752076437252
2016-11-21T00:00:00.000000000,BHMMBMMBX01,10.641814653081028,1,1752076437252
2016-11-21T00:00:00.000000000,Others-CCCPS105a,10.703283833858748,1,1752076437252
2016-11-21T00:00:00.000000000,Broad Street,10.579380032206117,1,1752076437252
2016-11-21T00:00:00.000000000,BHMEURBRD01,10.583250591016549,1,1752076437252
2016-11-21T00:00:00.000000000,BHMNCPHST01,10.576300925925926,1,1752076437252
2016-11-21T00:00:00.000000000,BHMBCCMKT01,10.577957827845177,1,1752076437252
2016-11-21T00:00:00.000000000,Others-CCCPS135a,10.701625747560593,1,1752076437252
2016-11-21T00:00:00.000000000,BHMNCPNST01,10.63787514318442,1,1752076437252
2016-11-21T00:00:00.000000000,Others-CCCPS202,10.669943631067227,1,1752076437252
2016-11-21T00:00:00.000000000,Others-CCCPS8,10.705403429147754,1,1752076437252
2016-11-21T00:00:00.000000000,Others-CCCPS119a,10.651780235462006,1,1752076437252
2016-11-22T00:00:00.000000000,BHMBCCTHL01,10.60435544071203,1,1752076439886
2016-11-22T00:00:00.000000000,Shopping,10.638541666666669,1,1752076439886
2016-11-22T00:00:00.000000000,Others-CCCPS135a,10.66391535754142,1,1752076439886
2016-11-22T00:00:00.000000000,Others-CCCPS119a,10.56276073254846,1,1752076439886
2016-11-22T00:00:00.000000000,Others-CCCPS202,10.608455339916015,1,1752076439886
2016-11-22T00:00:00.000000000,Broad Street,10.619798711755234,1,1752076439886
2016-11-22T00:00:00.000000000,Others-CCCPS105a,10.653373430673083,1,1752076439886
2016-11-22T00:00:00.000000000,BHMMBMMBX01,10.59778829047388,1,1752076439886
2016-11-22T00:00:00.000000000,BHMEURBRD01,10.623853427895982,1,1752076439886
2016-11-22T00:00:00.000000000,Others-CCCPS8,10.580882501260716,1,1752076439886
2016-11-22T00:00:00.000000000,Others-CCCPS98,10.55717048018047,1,1752076439886
2016-11-22T00:00:00.000000000,BHMNCPHST01,10.60225,1,1752076439886
2016-11-22T00:00:00.000000000,BHMBCCMKT01,10.482748892740227,1,1752076439886
2016-11-22T00:00:00.000000000,BHMNCPNST01,10.56983390607102,1,1752076439886
2016-11-23T00:00:00.000000000,Shopping,10.684965277777778,1,1752076442512
2016-11-23T00:00:00.000000000,Others-CCCPS105a,10.652291908633371,1,1752076442512
2016-11-23T00:00:00.000000000,Others-CCCPS8,10.62377962682804,1,1752076442512
2016-11-23T00:00:00.000000000,BHMBCCMKT01,10.525177161563644,1,1752076442512
2016-11-23T00:00:00.000000000,Others-CCCPS202,10.640359966708282,1,1752076442512
2016-11-23T00:00:00.000000000,BHMNCPHST01,10.594060185185185,1,1752076442512
2016-11-23T00:00:00.000000000,Others-CCCPS119a,10.553177151464702,1,1752076442512
2016-11-23T00:00:00.000000000,BHMBCCTHL01,10.629793281653747,1,1752076442512
2016-11-23T00:00:00.000000000,BHMMBMMBX01,10.602131651301958,1,1752076442512
2016-11-23T00:00:00.000000000,BHMNCPNST01,10.546162657502865,1,1752076442512
2016-11-23T00:00:00.000000000,BHMEURBRD01,10.62276595744681,1,1752076442512
2016-11-23T00:00:00.000000000,Others-CCCPS98,10.59639900454757,1,1752076442512
2016-11-23T00:00:00.000000000,Broad Street,10.64329307568438,1,1752076442512
2016-11-23T00:00:00.000000000,Others-CCCPS135a,10.681059890691618,1,1752076442512
2016-11-24T00:00:00.000000000,Broad Street,10.62572463768116,1,1752076445142
2016-11-24T00:00:00.000000000,BHMEURBRD01,10.590094562647753,1,1752076445142
2016-11-24T00:00:00.000000000,Others-CCCPS98,10.596170014681132,1,1752076445142
2016-11-24T00:00:00.000000000,Others-CCCPS119a,10.554205018432633,1,1752076445142
2016-11-24T00:00:00.000000000,Others-CCCPS8,10.596221213649352,1,1752076445142
2016-11-24T00:00:00.000000000,Others-CCCPS202,10.600871070253092,1,1752076445142
2016-11-24T00:00:00.000000000,Others-CCCPS105a,10.619317239090758,1,1752076445142
2016-11-24T00:00:00.000000000,BHMNCPHST01,10.597092592592592,1,1752076445142
2016-11-24T00:00:00.000000000,Shopping,10.627314814814815,1,1752076445142
2016-11-24T00:00:00.000000000,BHMBCCMKT01,10.484346235316773,1,1752076445142
2016-11-24T00:00:00.000000000,BHMMBMMBX01,10.606175804625586,1,1752076445142
2016-11-24T00:00:00.000000000,BHMNCPNST01,10.549965635738833,1,1752076445142
2016-11-24T00:00:00.000000000,Others-CCCPS135a,10.655694623286692,1,1752076445142
2016-11-24T00:00:00.000000000,BHMBCCTHL01,10.628027562446167,1,1752076445142
2016-11-25T00:00:00.000000000,Shopping,10.619224537037038,1,1752076447772
2016-11-25T00:00:00.000000000,Others-CCCPS135a,10.694434143131026,1,1752076447772
2016-11-25T00:00:00.000000000,Broad Street,10.65595813204509,1,1752076447772
2016-11-25T00:00:00.000000000,BHMNCPHST01,10.636175925925926,1,1752076447772
2016-11-25T00:00:00.000000000,Others-CCCPS8,10.593645150445452,1,1752076447772
2016-11-25T00:00:00.000000000,Others-CCCPS98,10.593481576968525,1,1752076447772
2016-11-25T00:00:00.000000000,BHMNCPNST01,10.575074455899198,1,1752076447772
2016-11-25T00:00:00.000000000,Others-CCCPS202,10.63536129081073,1,1752076447772
2016-11-25T00:00:00.000000000,BHMEURBRD01,10.636891252955083,1,1752076447772
2016-11-25T00:00:00.000000000,Others-CCCPS105a,10.640926663348267,1,1752076447772
2016-11-25T00:00:00.000000000,BHMBCCMKT01,10.532432120161756,1,1752076447772
2016-11-25T00:00:00.000000000,Others-CCCPS119a,10.550417013517263,1,1752076447772
2016-11-25T00:00:00.000000000,BHMBCCTHL01,10.610473729543497,1,1752076447772
2016-11-25T00:00:00.000000000,BHMMBMMBX01,10.603827430050137,1,1752076447772
2016-11-26T00:00:00.000000000,Shopping,10.620075231481481,1,1752076450392
2016-11-26T00:00:00.000000000,Others-CCCPS105a,10.613110723964382,1,1752076450392
2016-11-26T00:00:00.000000000,Others-CCCPS8,10.625895108421584,1,1752076450392
2016-11-26T00:00:00.000000000,BHMMBMMBX01,10.606650493288047,1,1752076450392
2016-11-26T00:00:00.000000000,Others-CCCPS119a,10.559208189638085,1,1752076450392
2016-11-26T00:00:00.000000000,BHMBCCMKT01,10.567159637974195,1,1752076450392
2016-11-26T00:00:00.000000000,Others-CCCPS202,10.59232455642568,1,1752076450392
2016-11-26T00:00:00.000000000,Others-CCCPS98,10.6009782647617,1,1752076450392
2016-11-26T00:00:00.000000000,BHMNCPHST01,10.608662037037037,1,1752076450392
2016-11-26T00:00:00.000000000,BHMEURBRD01,10.619278959810874,1,1752076450392
2016-11-26T00:00:00.000000000,BHMBCCTHL01,10.608771174275052,1,1752076450392
2016-11-26T00:00:00.000000000,Broad Street,10.595724637681158,1,1752076450392
2016-11-26T00:00:00.000000000,BHMNCPNST01,10.610160366552119,1,1752076450392
2016-11-26T00:00:00.000000000,Others-CCCPS135a,10.64662817981515,1,1752076450392
2016-11-27T00:00:00.000000000,BHMNCPNST01,10.606987399770905,1,1752076453032
2016-11-27T00:00:00.000000000,BHMMBMMBX01,10.628129548762736,1,1752076453032
2016-11-27T00:00:00.000000000,BHMBCCTHL01,10.601250358886018,1,1752076453032
2016-11-27T00:00:00.000000000,Others-CCCPS202,10.574763174819354,1,1752076453032
2016-11-27T00:00:00.000000000,Others-CCCPS135a,10.649455604200647,1,1752076453032
2016-11-27T00:00:00.000000000,BHMEURBRD01,10.5401536643026,1,1752076453032
2016-11-27T00:00:00.000000000,Others-CCCPS119a,10.57498711697784,1,1752076453032
2016-11-27T00:00:00.000000000,Others-CCCPS98,10.588831059548108,1,1752076453032
2016-11-27T00:00:00.000000000,BHMNCPHST01,10.611398148148147,1,1752076453032
2016-11-27T00:00:00.000000000,Broad Street,10.526247987117552,1,1752076453032
2016-11-27T00:00:00.000000000,Others-CCCPS105a,10.622930424202202,1,1752076453032
2016-11-27T00:00:00.000000000,Shopping,10.651571180555555,1,1752076453032
2016-11-27T00:00:00.000000000,Others-CCCPS8,10.583071944864685,1,1752076453032
2016-11-27T00:00:00.000000000,BHMBCCMKT01,10.581641632967456,1,1752076453032
2016-11-28T00:00:00.000000000,BHMBCCMKT01,10.60503466204506,1,1752076455662
2016-11-28T00:00:00.000000000,Others-CCCPS202,10.673539136685203,1,1752076455662
2016-11-28T00:00:00.000000000,Shopping,10.676929976851852,1,1752076455662
2016-11-28T00:00:00.000000000,BHMNCPNST01,10.628470790378007,1,1752076455662
2016-11-28T00:00:00.000000000,BHMEURBRD01,10.559976359338062,1,1752076455662
2016-11-28T00:00:00.000000000,Others-CCCPS105a,10.72005032907472,1,1752076455662
2016-11-28T00:00:00.000000000,Others-CCCPS119a,10.63422880247354,1,1752076455662
2016-11-28T00:00:00.000000000,BHMBCCTHL01,10.679219064025265,1,1752076455662
2016-11-28T00:00:00.000000000,Others-CCCPS8,10.711206925533702,1,1752076455662
2016-11-28T00:00:00.000000000,Others-CCCPS135a,10.727805247946891,1,1752076455662
2016-11-28T00:00:00.000000000,Broad Street,10.596521739130436,1,1752076455662
2016-11-28T00:00:00.000000000,Others-CCCPS98,10.689084756687077,1,1752076455662
2016-11-28T00:00:00.000000000,BHMNCPHST01,10.621546296296296,1,1752076455662
2016-11-28T00:00:00.000000000,BHMMBMMBX01,10.681031861555878,1,1752076455662
2016-11-29T00:00:00.000000000,Others-CCCPS135a,10.684972672904685,1,1752076458292
2016-11-29T00:00:00.000000000,BHMMBMMBX01,10.565774704835839,1,1752076458292
2016-11-29T00:00:00.000000000,Shopping,10.661359953703704,1,1752076458292
2016-11-29T00:00:00.000000000,Others-CCCPS98,10.57461685823755,1,1752076458292
2016-11-29T00:00:00.000000000,BHMBCCMKT01,10.490958983246678,1,1752076458292
2016-11-29T00:00:00.000000000,Others-CCCPS105a,10.612024777390632,1,1752076458292
2016-11-29T00:00:00.000000000,Others-CCCPS202,10.620355616085952,1,1752076458292
2016-11-29T00:00:00.000000000,Others-CCCPS119a,10.548579299956396,1,1752076458292
2016-11-29T00:00:00.000000000,Broad Street,10.61084541062802,1,1752076458292
2016-11-29T00:00:00.000000000,BHMNCPHST01,10.578828703703705,1,1752076458292
2016-11-29T00:00:00.000000000,BHMEURBRD01,10.60745862884161,1,1752076458292
2016-11-29T00:00:00.000000000,BHMNCPNST01,10.56012600229095,1,1752076458292
2016-11-29T00:00:00.000000000,Others-CCCPS8,10.595408472012103,1,1752076458292
2016-11-29T00:00:00.000000000,BHMBCCTHL01,10.59819839219064,1,1752076458292
2016-11-30T00:00:00.000000000,Shopping,10.617800925925927,1,1752076460932
2016-11-30T00:00:00.000000000,Others-CCCPS98,10.554439610412862,1,1752076460932
2016-11-30T00:00:00.000000000,Others-CCCPS135a,10.64996551921481,1,1752076460932
2016-11-30T00:00:00.000000000,Others-CCCPS119a,10.544510246957625,1,1752076460932
2016-11-30T00:00:00.000000000,BHMNCPNST01,10.599255441008017,1,1752076460932
2016-11-30T00:00:00.000000000,Others-CCCPS202,10.578195626678772,1,1752076460932
2016-11-30T00:00:00.000000000,Others-CCCPS105a,10.648399701343951,1,1752076460932
2016-11-30T00:00:00.000000000,BHMMBMMBX01,10.610047711466926,1,1752076460932
2016-11-30T00:00:00.000000000,BHMEURBRD01,10.588156028368793,1,1752076460932
2016-11-30T00:00:00.000000000,BHMBCCTHL01,10.620314384151595,1,1752076460932
2016-11-30T00:00:00.000000000,Broad Street,10.609782608695653,1,1752076460932
2016-11-30T00:00:00.000000000,BHMBCCMKT01,10.497581359522435,1,1752076460932
2016-11-30T00:00:00.000000000,Others-CCCPS8,10.59899142713061,1,1752076460932
2016-11-30T00:00:00.000000000,BHMNCPHST01,10.610333333333333,1,1752076460932
2016-12-01T00:00:00.000000000,BHMMBMMBX01,10.593333333333332,1,1752076463582
2016-12-01T00:00:00.000000000,BHMBCCMKT01,10.492919314461775,1,1752076463582
2016-12-01T00:00:00.000000000,Others-CCCPS119a,10.543118484163793,1,1752076463582
2016-12-01T00:00:00.000000000,BHMNCPNST01,10.552101947308133,1,1752076463582
2016-12-01T00:00:00.000000000,Broad Street,10.58083735909823,1,1752076463582
2016-12-01T00:00:00.000000000,BHMBCCTHL01,10.595816824576513,1,1752076463582
2016-12-01T00:00:00.000000000,Others-CCCPS98,10.614754717656748,1,1752076463582
2016-12-01T00:00:00.000000000,Others-CCCPS8,10.579154479744496,1,1752076463582
2016-12-01T00:00:00.000000000,Others-CCCPS135a,10.669403811485964,1,1752076463582
2016-12-01T00:00:00.000000000,BHMNCPHST01,10.592185185185185,1,1752076463582
2016-12-01T00:00:00.000000000,Shopping,10.634111689814816,1,1752076463582
2016-12-01T00:00:00.000000000,Others-CCCPS105a,10.63773076710359,1,1752076463582
2016-12-01T00:00:00.000000000,Others-CCCPS202,10.623448530246282,1,1752076463582
2016-12-01T00:00:00.000000000,BHMEURBRD01,10.571796690307329,1,1752076463582
2016-12-02T00:00:00.000000000,Shopping,10.632135416666666,1,1752076466232
2016-12-02T00:00:00.000000000,Broad Street,10.611594202898551,1,1752076466232
2016-12-02T00:00:00.000000000,BHMEURBRD01,10.636713947990543,1,1752076466232
2016-12-02T00:00:00.000000000,BHMNCPHST01,10.61662037037037,1,1752076466232
2016-12-02T00:00:00.000000000,Others-CCCPS119a,10.568768383081618,1,1752076466232
2016-12-02T00:00:00.000000000,Others-CCCPS105a,10.633137824235385,1,1752076466232
2016-12-02T00:00:00.000000000,BHMMBMMBX01,10.630233705321041,1,1752076466232
2016-12-02T00:00:00.000000000,Others-CCCPS98,10.595346976044688,1,1752076466232
2016-12-02T00:00:00.000000000,Others-CCCPS135a,10.654880104157725,1,1752076466232
2016-12-02T00:00:00.000000000,BHMNCPNST01,10.575154639175256,1,1752076466232
2016-12-02T00:00:00.000000000,BHMBCCTHL01,10.624125753660639,1,1752076466232
2016-12-02T00:00:00.000000000,Others-CCCPS202,10.595807891650589,1,1752076466232
2016-12-02T00:00:00.000000000,Others-CCCPS8,10.616475878298875,1,1752076466232
2016-12-02T00:00:00.000000000,BHMBCCMKT01,10.509601386481801,1,1752076466232
2016-12-03T00:00:00.000000000,Broad Street,10.604597423510466,1,1752076468882
2016-12-03T00:00:00.000000000,BHMMBMMBX01,10.654795406760474,1,1752076468882
2016-12-03T00:00:00.000000000,BHMNCPNST01,10.546615120274915,1,1752076468882
2016-12-03T00:00:00.000000000,Others-CCCPS119a,10.561848614579617,1,1752076468882
2016-12-03T00:00:00.000000000,Others-CCCPS8,10.599757942511348,1,1752076468882
2016-12-03T00:00:00.000000000,Others-CCCPS105a,10.63603700016592,1,1752076468882
2016-12-03T00:00:00.000000000,BHMEURBRD01,10.581666666666667,1,1752076468882
2016-12-03T00:00:00.000000000,Others-CCCPS98,10.620865291653239,1,1752076468882
2016-12-03T00:00:00.000000000,Shopping,10.62767650462963,1,1752076468882
2016-12-03T00:00:00.000000000,BHMBCCMKT01,10.492256884267285,1,1752076468882
2016-12-03T00:00:00.000000000,Others-CCCPS135a,10.666699144418692,1,1752076468882
2016-12-03T00:00:00.000000000,BHMBCCTHL01,10.622558139534883,1,1752076468882
2016-12-03T00:00:00.000000000,Others-CCCPS202,10.605528695191618,1,1752076468882
2016-12-03T00:00:00.000000000,BHMNCPHST01,10.62686574074074,1,1752076468882
2016-12-06T00:00:00.000000000,BHMEURBRD01,10.710484633569738,1,1752076471516
2016-12-06T00:00:00.000000000,BHMMBMMBX01,10.693736050460942,1,1752076471516
2016-12-06T00:00:00.000000000,Others-CCCPS202,10.683860893579995,1,1752076471516
2016-12-06T00:00:00.000000000,Others-CCCPS98,10.676259175708097,1,1752076471516
2016-12-06T00:00:00.000000000,Others-CCCPS105a,10.732418007853548,1,1752076471516
2016-12-06T00:00:00.000000000,BHMBCCMKT01,10.567798960138648,1,1752076471516
2016-12-06T00:00:00.000000000,Others-CCCPS135a,10.775655277992389,1,1752076471516
2016-12-06T00:00:00.000000000,BHMNCPHST01,10.680907407407407,1,1752076471516
2016-12-06T00:00:00.000000000,Others-CCCPS8,10.684226760800135,1,1752076471516
2016-12-06T00:00:00.000000000,BHMBCCTHL01,10.654912431811656,1,1752076471516
2016-12-06T00:00:00.000000000,Broad Street,10.696280193236715,1,1752076471516
2016-12-06T00:00:00.000000000,Others-CCCPS119a,10.641760613628255,1,1752076471516
2016-12-06T00:00:00.000000000,Shopping,10.715292245370371,1,1752076471516
2016-12-06T00:00:00.000000000,BHMNCPNST01,10.601363115693012,1,1752076471516
2016-12-07T00:00:00.000000000,BHMMBMMBX01,10.59474284327996,1,1752076474382
2016-12-07T00:00:00.000000000,BHMBCCMKT01,10.524545542075872,1,1752076474382
2016-12-07T00:00:00.000000000,Shopping,10.619739583333335,1,1752076474382
2016-12-07T00:00:00.000000000,Others-CCCPS8,10.587899646999496,1,1752076474382
2016-12-07T00:00:00.000000000,Others-CCCPS119a,10.549310659214335,1,1752076474382
2016-12-07T00:00:00.000000000,BHMNCPNST01,10.560727376861399,1,1752076474382
2016-12-07T00:00:00.000000000,Others-CCCPS202,10.57863163469905,1,1752076474382
2016-12-07T00:00:00.000000000,Others-CCCPS98,10.595691982669102,1,1752076474382
2016-12-07T00:00:00.000000000,BHMNCPHST01,10.620439814814816,1,1752076474382
2016-12-07T00:00:00.000000000,Others-CCCPS105a,10.62779575244732,1,1752076474382
2016-12-07T00:00:00.000000000,Others-CCCPS135a,10.659169742753312,1,1752076474382
2016-12-07T00:00:00.000000000,BHMEURBRD01,10.625886524822693,1,1752076474382
2016-12-07T00:00:00.000000000,Broad Street,10.619718196457326,1,1752076474382
2016-12-07T00:00:00.000000000,BHMBCCTHL01,10.607464829170254,1,1752076474382
2016-12-08T00:00:00.000000000,BHMNCPNST01,10.550383734249714,1,1752076477042
2016-12-08T00:00:00.000000000,BHMNCPHST01,10.582828703703704,1,1752076477042
2016-12-08T00:00:00.000000000,BHMBCCTHL01,10.604910996267584,1,1752076477042
2016-12-08T00:00:00.000000000,BHMEURBRD01,10.616631205673759,1,1752076477042
2016-12-08T00:00:00.000000000,Others-CCCPS202,10.600574849619793,1,1752076477042
2016-12-08T00:00:00.000000000,Others-CCCPS8,10.58237939149437,1,1752076477042
2016-12-08T00:00:00.000000000,BHMMBMMBX01,10.608979459809154,1,1752076477042
2016-12-08T00:00:00.000000000,Others-CCCPS105a,10.644195840938002,1,1752076477042
2016-12-08T00:00:00.000000000,Others-CCCPS98,10.59737673219465,1,1752076477042
2016-12-08T00:00:00.000000000,Shopping,10.639950810185185,1,1752076477042
2016-12-08T00:00:00.000000000,Broad Street,10.610869565217392,1,1752076477042
2016-12-08T00:00:00.000000000,Others-CCCPS119a,10.545574582788282,1,1752076477042
2016-12-08T00:00:00.000000000,BHMBCCMKT01,10.495312921240131,1,1752076477042
2016-12-08T00:00:00.000000000,Others-CCCPS135a,10.660165679457466,1,1752076477042
2016-12-09T00:00:00.000000000,Others-CCCPS202,10.606344342299398,1,1752076479682
2016-12-09T00:00:00.000000000,BHMNCPHST01,10.623203703703703,1,1752076479682
2016-12-09T00:00:00.000000000,BHMBCCTHL01,10.624101349411427,1,1752076479682
2016-12-09T00:00:00.000000000,Broad Street,10.581038647342995,1,1752076479682
2016-12-09T00:00:00.000000000,Others-CCCPS98,10.59288412647259,1,1752076479682
2016-12-09T00:00:00.000000000,Shopping,10.617685185185186,1,1752076479682
2016-12-09T00:00:00.000000000,Others-CCCPS105a,10.64737348597976,1,1752076479682
2016-12-09T00:00:00.000000000,Others-CCCPS119a,10.53368969754628,1,1752076479682
2016-12-09T00:00:00.000000000,BHMEURBRD01,10.54730496453901,1,1752076479682
2016-12-09T00:00:00.000000000,BHMBCCMKT01,10.5084190256114,1,1752076479682
2016-12-09T00:00:00.000000000,BHMNCPNST01,10.585635738831616,1,1752076479682
2016-12-09T00:00:00.000000000,BHMMBMMBX01,10.626610059841502,1,1752076479682
2016-12-09T00:00:00.000000000,Others-CCCPS135a,10.686324577216928,1,1752076479682
2016-12-09T00:00:00.000000000,Others-CCCPS8,10.613509833585477,1,1752076479682
2016-12-10T00:00:00.000000000,Others-CCCPS202,10.606463889834677,1,1752076482334
2016-12-10T00:00:00.000000000,BHMMBMMBX01,10.632147824680576,1,1752076482334
2016-12-10T00:00:00.000000000,Others-CCCPS8,10.58806354009077,1,1752076482334
2016-12-10T00:00:00.000000000,Broad Street,10.57927536231884,1,1752076482334
2016-12-10T00:00:00.000000000,Others-CCCPS105a,10.62874039046513,1,1752076482334
2016-12-10T00:00:00.000000000,BHMEURBRD01,10.549645390070923,1,1752076482334
2016-12-10T00:00:00.000000000,Others-CCCPS135a,10.665949580793775,1,1752076482334
2016-12-10T00:00:00.000000000,BHMBCCTHL01,10.581571920757966,1,1752076482334
2016-12-10T00:00:00.000000000,BHMNCPHST01,10.581888888888889,1,1752076482334
2016-12-10T00:00:00.000000000,BHMNCPNST01,10.577474226804124,1,1752076482334
2016-12-10T00:00:00.000000000,Others-CCCPS119a,10.550224957386927,1,1752076482334
2016-12-10T00:00:00.000000000,Others-CCCPS98,10.577211479929819,1,1752076482334
2016-12-10T00:00:00.000000000,BHMBCCMKT01,10.55452628538417,1,1752076482334
2016-12-10T00:00:00.000000000,Shopping,10.620075231481481,1,1752076482334
2016-12-11T00:00:00.000000000,Shopping,10.572291666666667,1,1752076485042
2016-12-11T00:00:00.000000000,Others-CCCPS98,10.579034267912773,1,1752076485042
2016-12-11T00:00:00.000000000,Others-CCCPS8,10.60119683980501,1,1752076485042
2016-12-11T00:00:00.000000000,BHMMBMMBX01,10.596487142163998,1,1752076485042
2016-12-11T00:00:00.000000000,BHMNCPNST01,10.574032073310423,1,1752076485042
2016-12-11T00:00:00.000000000,Others-CCCPS135a,10.64309697541992,1,1752076485042
2016-12-11T00:00:00.000000000,BHMBCCTHL01,10.59533448176859,1,1752076485042
2016-12-11T00:00:00.000000000,Others-CCCPS202,10.594867778912722,1,1752076485042
2016-12-11T00:00:00.000000000,Others-CCCPS119a,10.578292107662426,1,1752076485042
2016-12-11T00:00:00.000000000,BHMNCPHST01,10.553828703703704,1,1752076485042
2016-12-11T00:00:00.000000000,BHMBCCMKT01,10.571879453109956,1,1752076485042
2016-12-11T00:00:00.000000000,Others-CCCPS105a,10.636586748520546,1,1752076485042
2016-12-11T00:00:00.000000000,BHMEURBRD01,10.51001182033097,1,1752076485042
2016-12-11T00:00:00.000000000,Broad Street,10.505458937198068,1,1752076485042
2016-12-12T00:00:00.000000000,BHMEURBRD01,10.565543735224585,1,1752076487692
2016-12-12T00:00:00.000000000,BHMNCPNST01,10.653940435280642,1,1752076487692
2016-12-12T00:00:00.000000000,Others-CCCPS202,10.67097018877918,1,1752076487692
2016-12-12T00:00:00.000000000,BHMNCPHST01,10.62362037037037,1,1752076487692
2016-12-12T00:00:00.000000000,Others-CCCPS98,10.665320120313675,1,1752076487692
2016-12-12T00:00:00.000000000,BHMBCCTHL01,10.679300890037325,1,1752076487692
2016-12-12T00:00:00.000000000,Others-CCCPS105a,10.715408716332062,1,1752076487692
2016-12-12T00:00:00.000000000,Broad Street,10.552930756843802,1,1752076487692
2016-12-12T00:00:00.000000000,Others-CCCPS8,10.69894099848714,1,1752076487692
2016-12-12T00:00:00.000000000,Others-CCCPS135a,10.706194952356425,1,1752076487692
2016-12-12T00:00:00.000000000,BHMBCCMKT01,10.580513190833816,1,1752076487692
2016-12-12T00:00:00.000000000,Others-CCCPS119a,10.641271256986562,1,1752076487692
2016-12-12T00:00:00.000000000,BHMMBMMBX01,10.684218017143781,1,1752076487692
2016-12-12T00:00:00.000000000,Shopping,10.690083912037036,1,1752076487692
2016-12-13T00:00:00.000000000,BHMNCPHST01,10.615874999999999,1,1752076490342
2016-12-13T00:00:00.000000000,BHMMBMMBX01,10.600088144913473,1,1752076490342
2016-12-13T00:00:00.000000000,BHMNCPNST01,10.571540664375716,1,1752076490342
2016-12-13T00:00:00.000000000,Others-CCCPS105a,10.629960732260384,1,1752076490342
2016-12-13T00:00:00.000000000,Others-CCCPS119a,10.533788004915367,1,1752076490342
2016-12-13T00:00:00.000000000,Broad Street,10.612560386473431,1,1752076490342
2016-12-13T00:00:00.000000000,Others-CCCPS202,10.558666439677676,1,1752076490342
2016-12-13T00:00:00.000000000,Others-CCCPS135a,10.651104529716429,1,1752076490342
2016-12-13T00:00:00.000000000,BHMBCCTHL01,10.592487797875394,1,1752076490342
2016-12-13T00:00:00.000000000,Others-CCCPS98,10.586884735202492,1,1752076490342
2016-12-13T00:00:00.000000000,BHMEURBRD01,10.580413711583924,1,1752076490342
2016-12-13T00:00:00.000000000,Shopping,10.648530092592592,1,1752076490342
2016-12-13T00:00:00.000000000,Others-CCCPS8,10.604343587157505,1,1752076490342
2016-12-13T00:00:00.000000000,BHMBCCMKT01,10.493523974581167,1,1752076490342
2016-12-14T00:00:00.000000000,Others-CCCPS119a,10.558904744916163,1,1752076492842
2016-12-14T00:00:00.000000000,Others-CCCPS98,10.576331254383804,1,1752076492842
2016-12-14T00:00:00.000000000,Others-CCCPS202,10.612403212561839,1,1752076492842
2016-12-14T00:00:00.000000000,Others-CCCPS105a,10.619237841478055,1,1752076492842
2016-12-14T00:00:00.000000000,Shopping,10.64014399509804,1,1752076492842
2016-12-14T00:00:00.000000000,BHMNCPNST01,10.57022437841116,1,1752076492842
2016-12-14T00:00:00.000000000,Broad Street,10.636334185848252,1,1752076492842
2016-12-14T00:00:00.000000000,BHMEURBRD01,10.622165206508136,1,1752076492842
2016-12-14T00:00:00.000000000,BHMBCCMKT01,10.511567947803037,1,1752076492842
2016-12-14T00:00:00.000000000,BHMMBMMBX01,10.613461768987072,1,1752076492842
2016-12-14T00:00:00.000000000,Others-CCCPS8,10.600294562605676,1,1752076492842
2016-12-14T00:00:00.000000000,Others-CCCPS135a,10.655165805699049,1,1752076492842
2016-12-14T00:00:00.000000000,BHMNCPHST01,10.606632352941176,1,1752076492842
2016-12-14T00:00:00.000000000,BHMBCCTHL01,10.62203526371789,1,1752076492842
2016-12-15T00:00:00.000000000,BHMNCPHST01,10.603186274509804,1,1752076495332
2016-12-15T00:00:00.000000000,BHMBCCTHL01,10.636172670618635,1,1752076495332
2016-12-15T00:00:00.000000000,Others-CCCPS119a,10.580539547963317,1,1752076495332
2016-12-15T00:00:00.000000000,Others-CCCPS105a,10.650789388926302,1,1752076495332
2016-12-15T00:00:00.000000000,BHMBCCMKT01,10.526461412988073,1,1752076495332
2016-12-15T00:00:00.000000000,BHMNCPNST01,10.551946634323832,1,1752076495332
2016-12-15T00:00:00.000000000,Shopping,10.640876225490196,1,1752076495332
2016-12-15T00:00:00.000000000,Broad Street,10.62308610400682,1,1752076495332
2016-12-15T00:00:00.000000000,BHMMBMMBX01,10.62825327510917,1,1752076495332
2016-12-15T00:00:00.000000000,Others-CCCPS135a,10.674189756252746,1,1752076495332
2016-12-15T00:00:00.000000000,Others-CCCPS8,10.62524339236451,1,1752076495332
2016-12-15T00:00:00.000000000,Others-CCCPS98,10.594970332315976,1,1752076495332
2016-12-15T00:00:00.000000000,BHMEURBRD01,10.626695869837297,1,1752076495332
2016-12-15T00:00:00.000000000,Others-CCCPS202,10.597878187025575,1,1752076495332
2016-12-16T00:00:00.000000000,Broad Street,10.607842190016104,1,1752076497982
2016-12-16T00:00:00.000000000,Others-CCCPS119a,10.524781781424664,1,1752076497982
2016-12-16T00:00:00.000000000,BHMNCPNST01,10.593046964490263,1,1752076497982
2016-12-16T00:00:00.000000000,Others-CCCPS8,10.602642460917801,1,1752076497982
2016-12-16T00:00:00.000000000,BHMBCCMKT01,10.486267090313884,1,1752076497982
2016-12-16T00:00:00.000000000,BHMBCCTHL01,10.575581395348836,1,1752076497982
2016-12-16T00:00:00.000000000,Others-CCCPS98,10.607811974075268,1,1752076497982
2016-12-16T00:00:00.000000000,Others-CCCPS135a,10.706621169199073,1,1752076497982
2016-12-16T00:00:00.000000000,Others-CCCPS105a,10.650947126818206,1,1752076497982
2016-12-16T00:00:00.000000000,BHMNCPHST01,10.607907407407406,1,1752076497982
2016-12-16T00:00:00.000000000,Others-CCCPS202,10.61098683463852,1,1752076497982
2016-12-16T00:00:00.000000000,BHMMBMMBX01,10.633552482613617,1,1752076497982
2016-12-16T00:00:00.000000000,BHMEURBRD01,10.59611111111111,1,1752076497982
2016-12-16T00:00:00.000000000,Shopping,10.645549768518519,1,1752076497982
2016-12-17T00:00:00.000000000,BHMMBMMBX01,10.590038816108684,1,1752076500652
2016-12-17T00:00:00.000000000,Broad Street,10.599041867954913,1,1752076500652
2016-12-17T00:00:00.000000000,BHMBCCTHL01,10.621629342520816,1,1752076500652
2016-12-17T00:00:00.000000000,Others-CCCPS135a,10.66077588920365,1,1752076500652
2016-12-17T00:00:00.000000000,Others-CCCPS98,10.567359544526802,1,1752076500652
2016-12-17T00:00:00.000000000,Others-CCCPS105a,10.582271168630053,1,1752076500652
2016-12-17T00:00:00.000000000,BHMEURBRD01,10.57466903073286,1,1752076500652
2016-12-17T00:00:00.000000000,BHMNCPHST01,10.590884259259258,1,1752076500652
2016-12-17T00:00:00.000000000,Shopping,10.621750578703704,1,1752076500652
2016-12-17T00:00:00.000000000,Others-CCCPS8,10.565679946209448,1,1752076500652
2016-12-17T00:00:00.000000000,BHMNCPNST01,10.56348224513173,1,1752076500652
2016-12-17T00:00:00.000000000,Others-CCCPS202,10.5807721408845,1,1752076500652
2016-12-17T00:00:00.000000000,Others-CCCPS119a,10.572382764498355,1,1752076500652
2016-12-17T00:00:00.000000000,BHMBCCMKT01,10.527526477951088,1,1752076500652
2016-12-18T00:00:00.000000000,Others-CCCPS135a,10.604161015251668,1,1752076503292
2016-12-18T00:00:00.000000000,Shopping,10.564809027777777,1,1752076503292
2016-12-18T00:00:00.000000000,BHMBCCTHL01,10.623486936548952,1,1752076503292
2016-12-18T00:00:00.000000000,Broad Street,10.544597423510467,1,1752076503292
2016-12-18T00:00:00.000000000,Others-CCCPS8,10.597422255841318,1,1752076503292
2016-12-18T00:00:00.000000000,Others-CCCPS98,10.62566781251119,1,1752076503292
2016-12-18T00:00:00.000000000,BHMMBMMBX01,10.597967814976547,1,1752076503292
2016-12-18T00:00:00.000000000,BHMBCCMKT01,10.560984979780475,1,1752076503292
2016-12-18T00:00:00.000000000,Others-CCCPS105a,10.615210994967093,1,1752076503292
2016-12-18T00:00:00.000000000,Others-CCCPS119a,10.640444365164308,1,1752076503292
2016-12-18T00:00:00.000000000,Others-CCCPS202,10.578169333787312,1,1752076503292
2016-12-18T00:00:00.000000000,BHMNCPNST01,10.569180985108819,1,1752076503292
2016-12-18T00:00:00.000000000,BHMEURBRD01,10.53403073286052,1,1752076503292
2016-12-18T00:00:00.000000000,BHMNCPHST01,10.535097222222223,1,1752076503292
2016-12-19T00:00:00.000000000,Others-CCCPS202,10.681052850603411,1,1752076505912
2016-12-19T00:00:00.000000000,Others-CCCPS135a,10.718914356024838,1,1752076505912
2016-12-19T00:00:00.000000000,BHMNCPHST01,10.668041666666666,1,1752076505912
2016-12-19T00:00:00.000000000,BHMMBMMBX01,10.680217531942422,1,1752076505912
2016-12-19T00:00:00.000000000,BHMNCPNST01,10.634318442153495,1,1752076505912
2016-12-19T00:00:00.000000000,BHMBCCMKT01,10.584248989023685,1,1752076505912
2016-12-19T00:00:00.000000000,Others-CCCPS105a,10.692895027929872,1,1752076505912
2016-12-19T00:00:00.000000000,Others-CCCPS119a,10.683293495064811,1,1752076505912
2016-12-19T00:00:00.000000000,Shopping,10.66595486111111,1,1752076505912
2016-12-19T00:00:00.000000000,BHMEURBRD01,10.617257683215131,1,1752076505912
2016-12-19T00:00:00.000000000,Broad Street,10.585789049919486,1,1752076505912
2016-12-19T00:00:00.000000000,BHMBCCTHL01,10.67955928797014,1,1752076505912
2016-12-19T00:00:00.000000000,Others-CCCPS98,10.750262290972895,1,1752076505912
2016-12-19T00:00:00.000000000,Others-CCCPS8,10.666355690031939,1,1752076505912
2016-12-20T00:00:00.000000000,BHMBCCMKT01,10.52524552281918,1,18446744073709552000
2016-12-20T00:00:00.000000000,Others-CCCPS119a,10.603658183692076,1,18446744073709552000
2016-12-20T00:00:00.000000000,Others-CCCPS98,10.643052064310524,1,18446744073709552000
2016-12-20T00:00:00.000000000,BHMNCPHST01,10.587175925925926,1,18446744073709552000
2016-12-20T00:00:00.000000000,BHMEURBRD01,10.640815602836879,1,18446744073709552000
2016-12-20T00:00:00.000000000,BHMMBMMBX01,10.635292738153,1,18446744073709552000
2016-12-20T00:00:00.000000000,BHMNCPNST01,10.533797250859108,1,18446744073709552000
2016-12-20T00:00:00.000000000,Shopping,10.621354166666668,1,18446744073709552000
2016-12-20T00:00:00.000000000,Broad Street,10.604001610305957,1,18446744073709552000
2016-12-20T00:00:00.000000000,Others-CCCPS105a,10.649694430617775,1,18446744073709552000
2016-12-20T00:00:00.000000000,BHMBCCTHL01,10.592200689061155,1,18446744073709552000
2016-12-20T00:00:00.000000000,Others-CCCPS8,10.588233316523786,1,18446744073709552000
2016-12-20T00:00:00.000000000,Others-CCCPS135a,10.6681772398203,1,18446744073709552000
2016-12-20T00:00:00.000000000,Others-CCCPS202,10.595648431884388,1,18446744073709552000
